,CustomerID,Prediction,0,1
0,4531-AUZNK,0,0.8136523110753611,0.1863476889246385
1,2296-DKZFP,0,0.9834740793994524,0.016525920600547334
2,9692-TUSXH,1,0.386902810558847,0.6130971894411528
3,5129-JLPIS,1,0.386902810558847,0.6130971894411528
4,1273-MTETI,1,0.386902810558847,0.6130971894411528
5,8757-TFHHJ,0,0.5921773963586764,0.4078226036413238
6,1322-AGOQM,0,0.7412539014946343,0.2587460985053653
7,0743-HRVFF,0,0.9072006430816952,0.09279935691830438
8,0943-ZQPXH,1,0.4540420635302745,0.5459579364697255
9,3932-CMDTD,0,0.8331793330319616,0.16682066696803802
10,6892-BOGQE,0,1.0,0.0
11,0224-HJAPT,0,0.5921773963586764,0.4078226036413238
12,2439-LYPMQ,0,0.5792571185996107,0.42074288140038957
13,7924-GJZFI,1,0.4540420635302745,0.5459579364697255
14,0823-HSCDJ,0,0.7412539014946343,0.2587460985053653
15,4826-TZEVA,0,0.534566662943484,0.46543333705651596
16,5151-HQRDG,0,0.7297626899211213,0.2702373100788787
17,6734-GMPVK,0,0.534566662943484,0.46543333705651596
18,3951-NJCVI,1,0.4540420635302745,0.5459579364697255
19,0733-VUNUW,0,0.5921773963586764,0.4078226036413238
20,3571-DPYUH,0,0.790483586147694,0.20951641385230624
21,9824-QCJPK,0,0.9900889156205157,0.009911084379483955
22,7876-DNYAP,0,1.0,0.0
23,3890-RTCMS,0,0.5921773963586764,0.4078226036413238
24,7594-RQHXR,1,0.386902810558847,0.6130971894411528
25,3229-USWAR,0,0.9056363656161261,0.09436363438387396
26,5995-LFTLE,0,0.9816134864289775,0.01838651357102251
27,1456-TWCGB,0,0.7412539014946343,0.2587460985053653
28,1552-TKMXS,0,0.8919615749074346,0.10803842509256527
29,3276-HDUEG,1,0.386902810558847,0.6130971894411528
30,0302-JOIVN,0,0.5792571185996107,0.42074288140038957
31,2830-LEWOA,0,0.790483586147694,0.20951641385230624
32,5649-TJHOV,0,0.7297626899211213,0.2702373100788787
33,5886-VLQVU,1,0.4540420635302745,0.5459579364697255
34,1395-WSWXR,0,0.9816134864289775,0.01838651357102251
35,6518-LGAOV,1,0.4540420635302745,0.5459579364697255
36,4514-GFCFI,1,0.386902810558847,0.6130971894411528
37,1635-FJFCC,0,0.5921773963586764,0.4078226036413238
38,7611-YKYTC,1,0.4540420635302745,0.5459579364697255
39,5829-NVSQN,0,0.9072006430816952,0.09279935691830438
40,0394-YONDK,0,1.0,0.0
41,0991-BRRFB,0,0.5921773963586764,0.4078226036413238
42,5980-BDHPY,0,0.9834740793994524,0.016525920600547334
43,8249-THVEC,0,0.9900889156205157,0.009911084379483955
44,5039-LZRQT,0,0.9614806119836414,0.038519388016358735
45,9115-YQHGA,0,0.5921773963586764,0.4078226036413238
46,8174-LNWMW,0,0.9816134864289775,0.01838651357102251
47,5038-ETMLM,0,0.9209262181382637,0.07907378186173616
48,6815-ABQFQ,0,0.790483586147694,0.20951641385230624
49,8086-OVPWV,1,0.386902810558847,0.6130971894411528
50,5451-MHQOF,0,0.9900889156205157,0.009911084379483955
51,1991-VOPLL,0,0.7721341821735476,0.22786581782645254
52,6725-TPKJO,0,0.9816134864289775,0.01838651357102251
53,8879-ZKJOF,0,0.9056363656161261,0.09436363438387396
54,3597-YASZG,0,0.9209262181382637,0.07907378186173616
55,2969-WGHQO,0,0.9134515166484724,0.08654848335152758
56,8006-PYCSW,0,0.7721341821735476,0.22786581782645254
57,3347-YJZZE,0,0.8379526079334948,0.1620473920665049
58,1696-MZVAU,0,0.9072006430816952,0.09279935691830438
59,5931-FLJJF,1,0.4540420635302745,0.5459579364697255
60,3440-JPSCL,1,0.386902810558847,0.6130971894411528
61,7923-IYJWY,0,0.9261606132902916,0.07383938670970783
62,8718-PTMEZ,0,0.7412539014946343,0.2587460985053653
63,0067-DKWBL,0,0.5921773963586764,0.4078226036413238
64,6625-IUTTT,0,1.0,0.0
65,8637-XJIVR,1,0.386902810558847,0.6130971894411528
66,2509-TFPJU,0,1.0,0.0
67,0464-WJTKO,0,1.0,0.0
68,8292-FRFZQ,0,0.8856525219405904,0.1143474780594096
69,6844-DZKRF,0,0.5921773963586764,0.4078226036413238
70,3249-ZPQRG,0,0.534566662943484,0.46543333705651596
71,7580-UGXNC,0,0.7412539014946343,0.2587460985053653
72,3050-RLLXC,0,0.9834740793994524,0.016525920600547334
73,0581-BXBUB,0,0.534566662943484,0.46543333705651596
74,8552-OBVRU,1,0.4540420635302745,0.5459579364697255
75,2388-LAESQ,0,0.9209262181382637,0.07907378186173616
76,4488-PSYCG,0,0.7721341821735476,0.22786581782645254
77,9436-ZBZCT,1,0.386902810558847,0.6130971894411528
78,2074-GKOWZ,1,0.4540420635302745,0.5459579364697255
79,9753-OYLBX,0,0.7721341821735476,0.22786581782645254
80,3055-MJDSB,0,0.5921773963586764,0.4078226036413238
81,5781-RFZRP,0,0.9834740793994524,0.016525920600547334
82,9761-XUJWD,0,0.7412539014946343,0.2587460985053653
83,0118-JPNOY,1,0.386902810558847,0.6130971894411528
84,8874-EJNSR,0,1.0,0.0
85,2867-UIMSS,1,0.386902810558847,0.6130971894411528
86,9975-GPKZU,0,1.0,0.0
87,6100-QQHEB,1,0.4540420635302745,0.5459579364697255
88,2896-TBNBE,0,0.790483586147694,0.20951641385230624
89,7359-WWYJV,0,0.9209262181382637,0.07907378186173616
90,6646-JPPHA,0,0.534566662943484,0.46543333705651596
91,5550-VFRLC,1,0.386902810558847,0.6130971894411528
92,2202-CUYXZ,1,0.386902810558847,0.6130971894411528
93,8035-PWSEV,1,0.386902810558847,0.6130971894411528
94,3703-KBKZP,1,0.386902810558847,0.6130971894411528
95,5599-HVLTW,1,0.386902810558847,0.6130971894411528
96,5382-TEMLV,0,0.5921773963586764,0.4078226036413238
97,6339-TBELP,0,0.8221589446961904,0.1778410553038093
98,7207-RMRDB,0,0.5792571185996107,0.42074288140038957
99,2469-DTSGX,0,0.9261606132902916,0.07383938670970783
100,3704-IEAXF,0,0.9834740793994524,0.016525920600547334
101,6368-TZZDT,0,1.0,0.0
102,7129-AZJDE,0,0.8136523110753611,0.1863476889246385
103,6407-GSJNL,0,0.9816134864289775,0.01838651357102251
104,9150-HEPMB,0,0.9056363656161261,0.09436363438387396
105,1506-YJTYT,0,0.9834740793994524,0.016525920600547334
106,7134-HBPBS,0,0.9261606132902916,0.07383938670970783
107,3635-QQRQD,0,0.9816134864289775,0.01838651357102251
108,6549-NNDYT,0,0.5921773963586764,0.4078226036413238
109,9796-BPKIW,1,0.386902810558847,0.6130971894411528
110,8069-YQQAJ,0,0.7412539014946343,0.2587460985053653
111,8242-SOQUO,0,0.534566662943484,0.46543333705651596
112,3308-DGHKL,0,0.9816134864289775,0.01838651357102251
113,8740-CRYFY,1,0.386902810558847,0.6130971894411528
114,8109-YUOHE,0,0.8856525219405904,0.1143474780594096
115,3976-NLDEZ,0,0.7721341821735476,0.22786581782645254
116,6248-BSHKG,0,0.9900889156205157,0.009911084379483955
117,3970-XGJDU,0,0.9816134864289775,0.01838651357102251
118,0634-SZPQA,1,0.386902810558847,0.6130971894411528
119,2589-AYCRP,0,0.9614806119836414,0.038519388016358735
120,3800-LYTRK,0,0.9056363656161261,0.09436363438387396
121,6563-VRERX,0,0.9900889156205157,0.009911084379483955
122,9938-ZREHM,0,0.9134515166484724,0.08654848335152758
123,2220-IAHLS,0,0.7721341821735476,0.22786581782645254
124,8979-CAMGB,0,0.7989964656535318,0.20100353434646798
125,0270-THENM,0,0.9834740793994524,0.016525920600547334
126,9611-CTWIH,1,0.386902810558847,0.6130971894411528
127,8885-QSQBX,0,0.5921773963586764,0.4078226036413238
128,9030-QGZNL,0,0.9816134864289775,0.01838651357102251
129,2810-FTLEM,0,0.5921773963586764,0.4078226036413238
130,6350-XFYGW,1,0.386902810558847,0.6130971894411528
131,6993-YGFJV,0,0.9209262181382637,0.07907378186173616
132,4097-YODCF,0,0.8331793330319616,0.16682066696803802
133,0376-OIWME,1,0.4540420635302745,0.5459579364697255
134,5022-JNQEQ,1,0.4540420635302745,0.5459579364697255
135,5515-AKOAJ,1,0.386902810558847,0.6130971894411528
136,6956-SMUCM,1,0.386902810558847,0.6130971894411528
137,5103-MHMHY,0,0.5921773963586764,0.4078226036413238
138,9391-DXGGG,0,0.8331793330319616,0.16682066696803802
139,7519-JTWQH,0,0.9261606132902916,0.07383938670970783
140,6131-FOYAS,0,0.5921773963586764,0.4078226036413238
141,9681-OXGVC,1,0.386902810558847,0.6130971894411528
142,1977-STDKI,0,0.534566662943484,0.46543333705651596
143,7302-ZHMHP,0,0.7721341821735476,0.22786581782645254
144,0661-XEYAN,0,0.5921773963586764,0.4078226036413238
145,6007-TCTST,0,0.9209262181382637,0.07907378186173616
146,1682-VCOIO,0,0.9614806119836414,0.038519388016358735
147,2454-RPBRZ,0,0.5792571185996107,0.42074288140038957
148,8710-YGLWG,0,0.5921773963586764,0.4078226036413238
149,0742-LAFQK,0,0.9209262181382637,0.07907378186173616
150,7064-JHXCE,0,1.0,0.0
151,8242-JSVBO,0,0.5921773963586764,0.4078226036413238
152,1471-GIQKQ,0,0.7412539014946343,0.2587460985053653
153,6778-EICRF,0,0.9072006430816952,0.09279935691830438
154,1360-XFJMR,0,0.790483586147694,0.20951641385230624
155,5702-KVQRD,0,0.9694669001317916,0.030533099868208555
156,7602-MVRMB,0,0.9067333313912143,0.09326666860878528
157,0236-HFWSV,1,0.386902810558847,0.6130971894411528
158,0880-FVFWF,0,0.534566662943484,0.46543333705651596
159,9052-DHNKM,0,0.8856525219405904,0.1143474780594096
160,6121-TNHBO,0,0.8856525219405904,0.1143474780594096
161,4693-VWVBO,0,0.7721341821735476,0.22786581782645254
162,1565-RHDJD,0,0.534566662943484,0.46543333705651596
163,0696-UKTOX,0,0.7412539014946343,0.2587460985053653
164,8267-KFGYD,0,0.7721341821735476,0.22786581782645254
165,2632-TACXW,0,1.0,0.0
166,1744-JHKYS,0,0.8919615749074346,0.10803842509256527
167,0578-SKVMF,0,0.5792571185996107,0.42074288140038957
168,0670-KDOMA,0,0.7721341821735476,0.22786581782645254
169,8065-BVEPF,0,0.534566662943484,0.46543333705651596
170,3301-VKTGC,0,0.790483586147694,0.20951641385230624
171,7660-HDPJV,1,0.386902810558847,0.6130971894411528
172,2843-CQMEG,0,0.7412539014946343,0.2587460985053653
173,6870-ZWMNX,0,0.9834740793994524,0.016525920600547334
174,1403-LKLIK,0,0.9900889156205157,0.009911084379483955
175,2446-BEGGB,0,0.534566662943484,0.46543333705651596
176,6164-HAQTX,0,0.9848054042491385,0.015194595750861335
177,3387-VATUS,1,0.386902810558847,0.6130971894411528
178,3407-JMJQQ,0,0.9209262181382637,0.07907378186173616
179,3580-HYCSP,0,0.9209262181382637,0.07907378186173616
180,5453-AXEPF,0,0.5792571185996107,0.42074288140038957
181,4132-KALRO,1,0.386902810558847,0.6130971894411528
182,6506-EYCNH,0,0.8919615749074346,0.10803842509256527
183,6400-BWQKW,1,0.386902810558847,0.6130971894411528
184,6916-HIJSE,0,0.9848054042491385,0.015194595750861335
185,5186-PEIZU,0,0.7721341821735476,0.22786581782645254
186,6048-NJXHX,0,1.0,0.0
187,6134-KWTBV,0,0.9816134864289775,0.01838651357102251
188,6289-CPNLD,0,0.9072006430816952,0.09279935691830438
189,5312-UXESG,1,0.386902810558847,0.6130971894411528
190,2514-GINMM,1,0.386902810558847,0.6130971894411528
191,2580-ASVVY,0,0.9694669001317916,0.030533099868208555
192,6416-JNVRK,0,0.9056363656161261,0.09436363438387396
193,3739-YBWAB,0,0.9072006430816952,0.09279935691830438
194,6917-YACBP,0,0.534566662943484,0.46543333705651596
195,8614-VGMMV,0,0.5921773963586764,0.4078226036413238
196,5181-OABFK,0,0.9834740793994524,0.016525920600547334
197,2977-CEBSX,0,0.9848054042491385,0.015194595750861335
198,1624-NALOJ,0,0.534566662943484,0.46543333705651596
199,5495-GPSRW,0,0.9816134864289775,0.01838651357102251
200,6303-KFWSL,0,0.8856525219405904,0.1143474780594096
201,5624-BQSSA,0,0.7721341821735476,0.22786581782645254
202,6681-ZSEXG,0,0.9834740793994524,0.016525920600547334
203,9185-TQCVP,1,0.4540420635302745,0.5459579364697255
204,8272-ONJLV,0,0.7989964656535318,0.20100353434646798
205,3398-ZOUAA,1,0.4540420635302745,0.5459579364697255
206,9140-CZQZZ,0,0.9834740793994524,0.016525920600547334
207,6418-PIQSP,0,0.9694669001317916,0.030533099868208555
208,9637-EIHEQ,0,0.5921773963586764,0.4078226036413238
209,9953-ZMKSM,0,0.9816134864289775,0.01838651357102251
210,9830-ECLEN,0,0.9134515166484724,0.08654848335152758
211,9058-CBREO,0,0.5921773963586764,0.4078226036413238
212,5321-NTRKC,0,0.9834740793994524,0.016525920600547334
213,4654-DLAMQ,0,0.790483586147694,0.20951641385230624
214,4673-KKSLS,1,0.386902810558847,0.6130971894411528
215,1031-IIDEO,1,0.386902810558847,0.6130971894411528
216,3512-IZIKN,0,0.9694669001317916,0.030533099868208555
217,4439-JMPMT,1,0.4540420635302745,0.5459579364697255
218,0027-KWYKW,1,0.4540420635302745,0.5459579364697255
219,4291-YZODP,0,0.9614806119836414,0.038519388016358735
220,0212-ISBBF,0,0.7412539014946343,0.2587460985053653
221,3014-WJKSM,1,0.4540420635302745,0.5459579364697255
222,0411-EZJZE,0,0.5921773963586764,0.4078226036413238
223,6698-OXETB,0,0.9816134864289775,0.01838651357102251
224,0193-ESZXP,0,0.790483586147694,0.20951641385230624
225,6202-JVYEU,0,0.9614806119836414,0.038519388016358735
226,1848-LBZHY,0,0.7297626899211213,0.2702373100788787
227,8161-QYMTT,1,0.386902810558847,0.6130971894411528
228,0454-OKRCT,0,0.9261606132902916,0.07383938670970783
229,1215-EXRMO,0,1.0,0.0
230,0931-MHTEM,0,0.8331793330319616,0.16682066696803802
231,5985-BEHZK,0,0.790483586147694,0.20951641385230624
232,9921-EZKBY,1,0.386902810558847,0.6130971894411528
233,4878-BUNFV,0,1.0,0.0
234,4811-JBUVU,1,0.386902810558847,0.6130971894411528
235,5673-FSSMF,0,0.5921773963586764,0.4078226036413238
236,4301-VVZKA,1,0.4540420635302745,0.5459579364697255
237,4828-FAZPK,0,0.5792571185996107,0.42074288140038957
238,6000-UKLWI,0,0.9816134864289775,0.01838651357102251
239,7395-XWZOY,0,0.7412539014946343,0.2587460985053653
240,6380-ARCEH,0,0.7721341821735476,0.22786581782645254
241,3729-OWRVL,0,0.8221589446961904,0.1778410553038093
242,2856-HYAPG,1,0.386902810558847,0.6130971894411528
243,7856-GANIL,0,0.790483586147694,0.20951641385230624
244,4459-BBGHE,0,0.5921773963586764,0.4078226036413238
245,9661-JALZV,0,0.9816134864289775,0.01838651357102251
246,7753-USQYQ,0,0.8856525219405904,0.1143474780594096
247,1015-JPFYW,0,0.9614806119836414,0.038519388016358735
248,7665-NKLAV,0,0.9694669001317916,0.030533099868208555
249,9053-EJUNL,0,0.534566662943484,0.46543333705651596
250,5117-ZSMHQ,0,0.9834740793994524,0.016525920600547334
251,0117-LFRMW,0,0.8379526079334948,0.1620473920665049
252,9389-ACWBI,1,0.4540420635302745,0.5459579364697255
253,6946-LMSQS,0,0.8136523110753611,0.1863476889246385
254,1725-MIMXW,0,0.7721341821735476,0.22786581782645254
255,3996-ZNWYK,0,1.0,0.0
256,0899-WZRSD,1,0.386902810558847,0.6130971894411528
257,8815-LMFLX,0,0.8919615749074346,0.10803842509256527
258,0699-NDKJM,0,0.8379526079334948,0.1620473920665049
259,2424-WVHPL,1,0.386902810558847,0.6130971894411528
260,6797-LNAQX,0,0.9209262181382637,0.07907378186173616
261,2043-WVTQJ,0,0.7297626899211213,0.2702373100788787
262,4057-FKCZK,0,0.9067333313912143,0.09326666860878528
263,8512-WIWYV,0,0.9614806119836414,0.038519388016358735
264,5135-GRQJV,0,0.9209262181382637,0.07907378186173616
265,5597-GLBUC,1,0.386902810558847,0.6130971894411528
266,7997-EASSD,0,0.8136523110753611,0.1863476889246385
267,4785-FCIFB,0,1.0,0.0
268,1755-FZQEC,0,0.9614806119836414,0.038519388016358735
269,5364-XYIRR,1,0.4540420635302745,0.5459579364697255
270,7572-KPVKK,0,0.8221589446961904,0.1778410553038093
271,5115-SQAAU,0,1.0,0.0
272,6147-CBCRA,0,0.8919615749074346,0.10803842509256527
273,3692-JHONH,0,0.790483586147694,0.20951641385230624
274,1088-CNNKB,0,0.9134515166484724,0.08654848335152758
275,3810-DVDQQ,0,0.9209262181382637,0.07907378186173616
276,7831-QGOXH,1,0.386902810558847,0.6130971894411528
277,3474-BAFSJ,0,0.9834740793994524,0.016525920600547334
278,3842-IYKUE,0,0.534566662943484,0.46543333705651596
279,8519-QJGJD,1,0.386902810558847,0.6130971894411528
280,9747-DDZOS,1,0.386902810558847,0.6130971894411528
281,4106-HADHQ,0,0.9072006430816952,0.09279935691830438
282,0017-IUDMW,0,0.9209262181382637,0.07907378186173616
283,4763-PGDPO,1,0.386902810558847,0.6130971894411528
284,8751-EDEKA,0,0.5792571185996107,0.42074288140038957
285,3104-OWCGK,0,0.790483586147694,0.20951641385230624
286,3148-BLQJT,0,0.7721341821735476,0.22786581782645254
287,2815-CPTUL,1,0.386902810558847,0.6130971894411528
288,5073-WXOYN,0,0.7412539014946343,0.2587460985053653
289,4760-THGOT,0,0.5792571185996107,0.42074288140038957
290,2724-FJDYW,0,0.9056363656161261,0.09436363438387396
291,7639-OPLNG,0,0.9834740793994524,0.016525920600547334
292,3298-QEICA,0,0.9694669001317916,0.030533099868208555
293,9362-MWODR,0,0.5921773963586764,0.4078226036413238
294,7446-SFAOA,0,0.9900889156205157,0.009911084379483955
295,4737-AQCPU,0,0.9834740793994524,0.016525920600547334
296,9522-ZSINC,0,0.9614806119836414,0.038519388016358735
297,3745-HRPHI,0,0.9694669001317916,0.030533099868208555
298,2669-QVCRG,1,0.386902810558847,0.6130971894411528
299,0980-FEXWF,0,0.9072006430816952,0.09279935691830438
300,6701-YVNQG,0,0.9834740793994524,0.016525920600547334
301,1177-XZBJL,0,0.9134515166484724,0.08654848335152758
302,7771-CFQRQ,0,0.9834740793994524,0.016525920600547334
303,2252-JHJGE,0,0.7989964656535318,0.20100353434646798
304,0661-KBKPA,0,0.9072006430816952,0.09279935691830438
305,8851-RAGOV,0,0.8379526079334948,0.1620473920665049
306,6979-TNDEU,0,0.7721341821735476,0.22786581782645254
307,2072-ZVJJX,0,1.0,0.0
308,1222-KJNZD,0,0.8919615749074346,0.10803842509256527
309,9372-TXXPS,0,0.9834740793994524,0.016525920600547334
310,5982-PSMKW,0,0.9834740793994524,0.016525920600547334
311,2495-KZNFB,1,0.386902810558847,0.6130971894411528
312,0207-MDKNV,1,0.386902810558847,0.6130971894411528
313,1346-PJWTK,0,0.5792571185996107,0.42074288140038957
314,3758-CKOQL,0,0.790483586147694,0.20951641385230624
315,6959-GQEGV,0,0.5921773963586764,0.4078226036413238
316,2604-IJPDU,0,0.5792571185996107,0.42074288140038957
317,6174-NRBTZ,0,0.9056363656161261,0.09436363438387396
318,6323-AYBRX,0,0.9816134864289775,0.01838651357102251
319,0048-PIHNL,0,0.9900889156205157,0.009911084379483955
320,7811-JIVPF,0,0.5921773963586764,0.4078226036413238
321,7729-JTEEC,0,0.7297626899211213,0.2702373100788787
322,5846-ABOBJ,0,1.0,0.0
323,9221-OTIVJ,0,0.534566662943484,0.46543333705651596
324,2889-FPWRM,0,0.790483586147694,0.20951641385230624
325,7945-HLKEA,0,0.9056363656161261,0.09436363438387396
326,9367-TCUYN,0,0.7721341821735476,0.22786581782645254
327,2277-BKJKN,0,0.9209262181382637,0.07907378186173616
328,7633-MVPUY,0,0.9834740793994524,0.016525920600547334
329,4315-MURBD,1,0.386902810558847,0.6130971894411528
330,0734-OXWBT,0,0.5921773963586764,0.4078226036413238
331,8714-EUHJO,0,0.5792571185996107,0.42074288140038957
332,0818-OCPZO,0,0.534566662943484,0.46543333705651596
333,0021-IKXGC,1,0.386902810558847,0.6130971894411528
334,8383-SGHJU,0,0.9056363656161261,0.09436363438387396
335,6347-DCUIK,1,0.386902810558847,0.6130971894411528
336,1976-CFOCS,0,0.7297626899211213,0.2702373100788787
337,4854-CIDCF,1,0.386902810558847,0.6130971894411528
338,9127-QRZMH,0,0.9134515166484724,0.08654848335152758
339,1196-AMORA,1,0.386902810558847,0.6130971894411528
340,6713-OKOMC,0,0.5921773963586764,0.4078226036413238
341,9820-RMCQV,0,0.5921773963586764,0.4078226036413238
342,5902-WBLSE,0,1.0,0.0
343,7563-BIUPC,1,0.386902810558847,0.6130971894411528
344,7683-CBDKJ,0,0.8379526079334948,0.1620473920665049
345,6522-OIQSX,0,0.9834740793994524,0.016525920600547334
346,0388-EOPEX,1,0.4540420635302745,0.5459579364697255
347,7921-BEPCI,0,0.9848054042491385,0.015194595750861335
348,8859-DZTGQ,0,0.9816134864289775,0.01838651357102251
349,3683-QKIUE,0,0.5921773963586764,0.4078226036413238
350,2144-ESWKO,0,0.9056363656161261,0.09436363438387396
351,5057-RKGLH,0,1.0,0.0
352,2692-PFYTJ,0,0.7721341821735476,0.22786581782645254
353,3021-VLNRJ,0,0.9056363656161261,0.09436363438387396
354,1045-LTCYT,0,0.8919615749074346,0.10803842509256527
355,7401-JIXNM,0,0.9834740793994524,0.016525920600547334
356,2657-VPXTA,1,0.4540420635302745,0.5459579364697255
357,5022-KVDQT,1,0.386902810558847,0.6130971894411528
358,2305-MRGLV,1,0.4540420635302745,0.5459579364697255
359,3865-YIOTT,0,0.8136523110753611,0.1863476889246385
360,9577-WJVCQ,0,0.5921773963586764,0.4078226036413238
361,3847-BAERP,0,0.7721341821735476,0.22786581782645254
362,4032-RMHCI,0,0.9072006430816952,0.09279935691830438
363,7658-UYUQS,1,0.4540420635302745,0.5459579364697255
364,9274-UARKJ,0,0.534566662943484,0.46543333705651596
365,0847-HGRML,0,0.9816134864289775,0.01838651357102251
366,6078-VESFR,1,0.4540420635302745,0.5459579364697255
367,4223-WOZCM,0,0.5921773963586764,0.4078226036413238
368,0942-KOWSM,0,0.9834740793994524,0.016525920600547334
369,7789-HKSBS,0,0.8136523110753611,0.1863476889246385
370,9432-RUVSL,0,0.8221589446961904,0.1778410553038093
371,3644-QXEHN,1,0.4540420635302745,0.5459579364697255
372,4683-WYDOU,0,0.9067333313912143,0.09326666860878528
373,0925-VYDLG,1,0.386902810558847,0.6130971894411528
374,2960-NKRSO,0,0.534566662943484,0.46543333705651596
375,2639-UGMAZ,0,0.8856525219405904,0.1143474780594096
376,2898-LSJGD,0,0.9072006430816952,0.09279935691830438
377,2884-GBPFB,1,0.4540420635302745,0.5459579364697255
378,4659-NZRUF,0,0.534566662943484,0.46543333705651596
379,0867-LDTTC,0,0.5921773963586764,0.4078226036413238
380,7781-EWARA,0,0.9134515166484724,0.08654848335152758
381,4822-RVYBB,1,0.386902810558847,0.6130971894411528
382,9800-OUIGR,0,1.0,0.0
383,3533-UVMOM,0,0.9834740793994524,0.016525920600547334
384,8457-XIGKN,0,0.7721341821735476,0.22786581782645254
385,2990-OGYTD,0,0.9834740793994524,0.016525920600547334
386,5203-XEHAX,0,0.8856525219405904,0.1143474780594096
387,8295-KMENE,0,0.9694669001317916,0.030533099868208555
388,8720-RQSBJ,0,0.5921773963586764,0.4078226036413238
389,9799-CAYJJ,1,0.4540420635302745,0.5459579364697255
390,3717-OFRTN,0,0.7721341821735476,0.22786581782645254
391,2868-MZAGQ,1,0.386902810558847,0.6130971894411528
392,8606-OEGQZ,0,0.9816134864289775,0.01838651357102251
393,9065-ZCPQX,0,0.9834740793994524,0.016525920600547334
394,4587-NUKOX,0,0.534566662943484,0.46543333705651596
395,8985-OOPOS,0,0.9056363656161261,0.09436363438387396
396,7636-OWBPG,0,0.7412539014946343,0.2587460985053653
397,5825-XJOCM,0,0.8856525219405904,0.1143474780594096
398,4183-WCSEP,0,0.534566662943484,0.46543333705651596
399,5275-PMFUT,0,0.9834740793994524,0.016525920600547334
400,1751-NCDLI,1,0.4540420635302745,0.5459579364697255
401,6693-DJWTY,0,0.8856525219405904,0.1143474780594096
402,4002-BQWPQ,0,0.7412539014946343,0.2587460985053653
403,6954-OOYZZ,0,0.7297626899211213,0.2702373100788787
404,9039-RBEEE,0,0.7412539014946343,0.2587460985053653
405,5170-PTRKA,0,0.9072006430816952,0.09279935691830438
406,7346-MEDWM,0,0.534566662943484,0.46543333705651596
407,5233-GEEAX,0,0.5921773963586764,0.4078226036413238
408,3511-APPBJ,0,0.7989964656535318,0.20100353434646798
409,7143-BQIBA,0,0.5921773963586764,0.4078226036413238
410,2967-MXRAV,0,0.9900889156205157,0.009911084379483955
411,7473-ZBDSN,0,1.0,0.0
412,0265-EDXBD,1,0.4540420635302745,0.5459579364697255
413,1386-ZIKUV,0,0.7721341821735476,0.22786581782645254
414,0420-BWTPW,0,0.5921773963586764,0.4078226036413238
415,1009-IRMNA,0,0.7721341821735476,0.22786581782645254
416,3938-YFPXD,0,1.0,0.0
417,3727-OWVYD,0,0.8856525219405904,0.1143474780594096
418,5937-EORGB,1,0.4540420635302745,0.5459579364697255
419,2791-SFVEW,0,0.7721341821735476,0.22786581782645254
420,0980-PVMRC,0,0.8379526079334948,0.1620473920665049
421,3648-GZPHF,0,0.9072006430816952,0.09279935691830438
422,9677-AVKED,0,0.8856525219405904,0.1143474780594096
423,1576-PFZIW,0,0.9209262181382637,0.07907378186173616
424,9462-MJUAW,0,0.5921773963586764,0.4078226036413238
425,7511-YMXVQ,0,0.5921773963586764,0.4078226036413238
426,7128-GGCNO,1,0.386902810558847,0.6130971894411528
427,7492-TAFJD,0,0.9834740793994524,0.016525920600547334
428,8901-UPRHR,0,0.9209262181382637,0.07907378186173616
429,5044-XDPYX,0,1.0,0.0
430,1010-DIAUQ,1,0.386902810558847,0.6130971894411528
431,2691-NZETQ,1,0.386902810558847,0.6130971894411528
432,7586-ZATGZ,1,0.386902810558847,0.6130971894411528
433,1810-MVMAI,0,0.8379526079334948,0.1620473920665049
434,7296-PIXQY,1,0.4540420635302745,0.5459579364697255
435,9985-MWVIX,1,0.386902810558847,0.6130971894411528
436,7028-DVOIQ,1,0.386902810558847,0.6130971894411528
437,0420-TXVSG,0,0.9834740793994524,0.016525920600547334
438,6953-PBDIN,0,0.9834740793994524,0.016525920600547334
439,1090-ESELR,0,0.9209262181382637,0.07907378186173616
440,8903-XEBGX,0,0.5921773963586764,0.4078226036413238
441,9541-PWTWO,0,1.0,0.0
442,1099-BTKWT,0,0.9072006430816952,0.09279935691830438
443,8807-ARQET,0,0.7412539014946343,0.2587460985053653
444,0673-IGUQO,0,0.7721341821735476,0.22786581782645254
445,0709-TVGUR,1,0.386902810558847,0.6130971894411528
446,9269-CQOOL,0,0.5921773963586764,0.4078226036413238
447,7798-JVXYM,0,0.5921773963586764,0.4078226036413238
448,7524-VRLPL,0,1.0,0.0
449,8752-IMQOS,0,0.9900889156205157,0.009911084379483955
450,0048-LUMLS,0,0.8136523110753611,0.1863476889246385
451,6410-LEFEN,0,0.5921773963586764,0.4078226036413238
452,5149-TGWDZ,0,0.8331793330319616,0.16682066696803802
453,5514-YQENT,0,0.9261606132902916,0.07383938670970783
454,3063-QFSZL,0,0.5921773963586764,0.4078226036413238
455,4458-KVRBJ,0,0.9816134864289775,0.01838651357102251
456,6631-HMANX,0,0.9834740793994524,0.016525920600547334
457,3069-SSVSN,0,0.9056363656161261,0.09436363438387396
458,4366-CTOUZ,0,0.9261606132902916,0.07383938670970783
459,4685-ERGHK,0,0.7989964656535318,0.20100353434646798
460,5756-OZRIO,0,0.9134515166484724,0.08654848335152758
461,3845-JHAMY,0,0.7297626899211213,0.2702373100788787
462,5935-FCCNB,1,0.386902810558847,0.6130971894411528
463,3468-DRVQJ,0,0.9134515166484724,0.08654848335152758
464,3583-KRKMD,1,0.386902810558847,0.6130971894411528
465,2419-FSORS,0,0.9209262181382637,0.07907378186173616
466,1357-BIJKI,0,0.790483586147694,0.20951641385230624
467,4480-QQRHC,1,0.386902810558847,0.6130971894411528
468,1589-AGTLK,0,0.5921773963586764,0.4078226036413238
469,9631-XEYKE,0,0.5921773963586764,0.4078226036413238
470,7503-ZGUZJ,1,0.386902810558847,0.6130971894411528
471,3452-FLHYD,0,0.9900889156205157,0.009911084379483955
472,5219-YIPTK,0,0.5792571185996107,0.42074288140038957
473,5951-AOFIH,0,0.7412539014946343,0.2587460985053653
474,3774-VBNXY,0,1.0,0.0
475,8348-JLBUG,0,0.8136523110753611,0.1863476889246385
476,0396-YCHWO,1,0.4540420635302745,0.5459579364697255
477,5419-JKZNQ,1,0.4540420635302745,0.5459579364697255
478,8808-ELEHO,1,0.386902810558847,0.6130971894411528
479,4950-HKQTE,0,0.9816134864289775,0.01838651357102251
480,6933-FHBZC,0,0.8856525219405904,0.1143474780594096
481,3165-HDOEW,0,0.7297626899211213,0.2702373100788787
482,9097-ZUBYC,0,0.7297626899211213,0.2702373100788787
483,1482-OXZSY,1,0.386902810558847,0.6130971894411528
484,8946-BFWSG,0,1.0,0.0
485,4256-ZWTZI,0,0.5921773963586764,0.4078226036413238
486,4393-OBCRR,0,0.9614806119836414,0.038519388016358735
487,0074-HDKDG,0,0.9134515166484724,0.08654848335152758
488,0468-YRPXN,1,0.386902810558847,0.6130971894411528
489,7010-ZMVBF,0,0.8919615749074346,0.10803842509256527
490,5835-BEQEU,1,0.386902810558847,0.6130971894411528
491,9755-JHNMN,0,0.9848054042491385,0.015194595750861335
492,8084-OIVBS,0,0.9614806119836414,0.038519388016358735
493,4039-HEUNW,0,0.5792571185996107,0.42074288140038957
494,3446-QDSZF,0,0.5921773963586764,0.4078226036413238
495,9873-MNDKV,0,0.5921773963586764,0.4078226036413238
496,6341-JVQGF,0,0.9072006430816952,0.09279935691830438
497,8859-YSTWS,0,0.9614806119836414,0.038519388016358735
498,1777-JYQPJ,0,0.5921773963586764,0.4078226036413238
499,2688-BHGOG,1,0.386902810558847,0.6130971894411528
500,7032-LMBHI,0,0.9056363656161261,0.09436363438387396
501,6005-OBZPH,0,0.534566662943484,0.46543333705651596
502,8311-UEUAB,0,0.9694669001317916,0.030533099868208555
503,4959-JOSRX,0,0.7297626899211213,0.2702373100788787
504,4927-WWOOZ,1,0.4540420635302745,0.5459579364697255
505,5334-JLAXU,0,0.5792571185996107,0.42074288140038957
506,6322-PJJDJ,0,0.9209262181382637,0.07907378186173616
507,2682-KEVRP,0,0.9614806119836414,0.038519388016358735
508,6905-NIQIN,0,0.7412539014946343,0.2587460985053653
509,6685-XSHHU,0,1.0,0.0
510,6993-YCOBK,0,0.9067333313912143,0.09326666860878528
511,3887-PBQAO,0,0.9900889156205157,0.009911084379483955
512,4697-LUPSU,0,0.9900889156205157,0.009911084379483955
513,9465-RWMXL,1,0.4540420635302745,0.5459579364697255
514,3981-QSVQI,0,0.7721341821735476,0.22786581782645254
515,4451-RWASJ,0,0.9900889156205157,0.009911084379483955
516,2256-YLYLP,0,0.9694669001317916,0.030533099868208555
517,9701-CDXHR,1,0.4540420635302745,0.5459579364697255
518,6664-FPDAC,0,0.8331793330319616,0.16682066696803802
519,5351-QESIO,0,0.5921773963586764,0.4078226036413238
520,3258-SANFR,0,0.5921773963586764,0.4078226036413238
521,2968-SSGAA,1,0.386902810558847,0.6130971894411528
522,1421-HCERK,0,0.5792571185996107,0.42074288140038957
523,7534-BFESC,1,0.386902810558847,0.6130971894411528
524,1357-MVDOZ,0,0.7297626899211213,0.2702373100788787
525,9548-LERKT,0,1.0,0.0
526,5244-IRFIH,1,0.4540420635302745,0.5459579364697255
527,7982-VCELR,0,0.534566662943484,0.46543333705651596
528,5727-MYATE,0,0.9834740793994524,0.016525920600547334
529,7401-RUBNK,1,0.4540420635302745,0.5459579364697255
530,3999-QGRJH,1,0.386902810558847,0.6130971894411528
531,1853-UDXBW,1,0.4540420635302745,0.5459579364697255
532,7434-SHXLS,0,0.7721341821735476,0.22786581782645254
533,5934-RMPOV,1,0.386902810558847,0.6130971894411528
534,1488-SYSFC,0,0.8919615749074346,0.10803842509256527
535,8065-YKXKD,1,0.386902810558847,0.6130971894411528
536,5442-PPTJY,0,1.0,0.0
537,4236-UJPWO,0,0.5921773963586764,0.4078226036413238
538,5245-VDBUR,0,0.9072006430816952,0.09279935691830438
539,9796-MVYXX,0,1.0,0.0
540,9507-HSMMZ,0,0.9816134864289775,0.01838651357102251
541,5566-SOEZD,0,0.790483586147694,0.20951641385230624
542,1498-NHTLT,0,0.9834740793994524,0.016525920600547334
543,9214-EKVXR,0,0.5921773963586764,0.4078226036413238
544,1895-QTKDO,0,0.5921773963586764,0.4078226036413238
545,6519-CFDBX,0,0.5921773963586764,0.4078226036413238
546,0354-WYROK,1,0.4540420635302745,0.5459579364697255
547,1837-YQUCE,0,1.0,0.0
548,4750-UKWJK,0,0.9900889156205157,0.009911084379483955
549,7766-CLTIC,0,0.5921773963586764,0.4078226036413238
550,9675-ICXCT,0,0.9694669001317916,0.030533099868208555
551,2996-XAUVF,0,1.0,0.0
552,0906-QVPMS,0,0.9209262181382637,0.07907378186173616
553,7521-YXVZY,0,0.7721341821735476,0.22786581782645254
554,7134-MJPDY,0,0.7989964656535318,0.20100353434646798
555,6075-QMNRR,0,0.5921773963586764,0.4078226036413238
556,0308-GIQJT,0,0.8331793330319616,0.16682066696803802
557,4290-BSXUX,1,0.4540420635302745,0.5459579364697255
558,4851-BQDNX,0,0.8136523110753611,0.1863476889246385
559,7148-XZPHA,0,0.5792571185996107,0.42074288140038957
560,8042-JVNFH,1,0.386902810558847,0.6130971894411528
561,8237-ULIXL,0,1.0,0.0
562,9092-GDZKO,0,0.7721341821735476,0.22786581782645254
563,6734-CKRSM,0,0.7721341821735476,0.22786581782645254
564,5919-VCZYM,0,0.7721341821735476,0.22786581782645254
565,4026-SKKHW,0,0.5921773963586764,0.4078226036413238
566,3398-FSHON,0,0.534566662943484,0.46543333705651596
567,7459-IMVYU,0,0.7412539014946343,0.2587460985053653
568,5921-NGYRH,1,0.4540420635302745,0.5459579364697255
569,8679-LZBMD,0,0.8136523110753611,0.1863476889246385
570,9229-RQABD,0,0.9614806119836414,0.038519388016358735
571,9514-JDSKI,0,0.8379526079334948,0.1620473920665049
572,7838-LAZFO,0,0.9134515166484724,0.08654848335152758
573,6715-OFDBP,0,0.5921773963586764,0.4078226036413238
574,7895-VONWT,0,0.5921773963586764,0.4078226036413238
575,6328-ZPBGN,1,0.386902810558847,0.6130971894411528
576,4631-OACRM,1,0.386902810558847,0.6130971894411528
577,8573-JGCZW,0,0.9614806119836414,0.038519388016358735
578,5402-HTOTQ,0,0.7412539014946343,0.2587460985053653
579,4962-CHQPW,0,0.9614806119836414,0.038519388016358735
580,0851-DFJKB,0,0.5921773963586764,0.4078226036413238
581,5478-JJVZK,0,0.7412539014946343,0.2587460985053653
582,7470-DYNOE,0,0.9056363656161261,0.09436363438387396
583,4139-JPIAM,0,0.5921773963586764,0.4078226036413238
584,9396-ZSFLL,0,0.5921773963586764,0.4078226036413238
585,8630-QSGXK,0,0.9694669001317916,0.030533099868208555
586,2400-XIWIO,0,0.9834740793994524,0.016525920600547334
587,9650-VBUOG,0,1.0,0.0
588,3810-PJUHR,0,1.0,0.0
589,5956-YHHRX,0,0.534566662943484,0.46543333705651596
590,8622-ZLFKO,0,0.5792571185996107,0.42074288140038957
591,9531-NSBMR,0,0.9614806119836414,0.038519388016358735
592,9903-LYSAB,1,0.4540420635302745,0.5459579364697255
593,2812-SFXMJ,0,0.7721341821735476,0.22786581782645254
594,8778-LMWTJ,1,0.386902810558847,0.6130971894411528
595,2673-CXQEU,0,0.8331793330319616,0.16682066696803802
596,6036-TTFYU,0,0.8919615749074346,0.10803842509256527
597,2096-XOTMO,0,0.8919615749074346,0.10803842509256527
598,7905-NJMXS,0,0.8379526079334948,0.1620473920665049
599,6141-OOXUQ,0,0.7721341821735476,0.22786581782645254
600,1093-YSWCA,0,0.9816134864289775,0.01838651357102251
601,4732-RRJZC,0,0.8919615749074346,0.10803842509256527
602,4942-VZZOM,0,0.9072006430816952,0.09279935691830438
603,0750-EBAIU,0,0.7989964656535318,0.20100353434646798
604,4902-OHLSK,1,0.386902810558847,0.6130971894411528
605,6885-PKOAM,0,0.9834740793994524,0.016525920600547334
606,7941-RCJOW,0,0.9816134864289775,0.01838651357102251
607,9158-VCTQB,0,0.5792571185996107,0.42074288140038957
608,9866-QEVEE,1,0.386902810558847,0.6130971894411528
609,3946-JEWRQ,0,0.8136523110753611,0.1863476889246385
610,4628-CTTLA,0,0.7412539014946343,0.2587460985053653
611,4912-PIGUY,1,0.386902810558847,0.6130971894411528
612,8465-SBRXP,0,0.9067333313912143,0.09326666860878528
613,3913-FCUUW,0,0.9834740793994524,0.016525920600547334
614,9170-ARBTB,0,0.9900889156205157,0.009911084379483955
615,1400-MMYXY,0,0.5792571185996107,0.42074288140038957
616,4727-MCYZG,0,0.5921773963586764,0.4078226036413238
617,0376-YMCJC,1,0.386902810558847,0.6130971894411528
618,9057-SIHCH,1,0.386902810558847,0.6130971894411528
619,2038-LLMLM,1,0.386902810558847,0.6130971894411528
620,1930-QPBVZ,0,0.9209262181382637,0.07907378186173616
621,6048-UWKAL,0,0.9209262181382637,0.07907378186173616
622,1184-PJVDB,1,0.4540420635302745,0.5459579364697255
623,6650-BWFRT,0,0.9209262181382637,0.07907378186173616
624,7721-DVEKZ,0,0.7721341821735476,0.22786581782645254
625,8191-XWSZG,0,0.9614806119836414,0.038519388016358735
626,5619-PTMIK,0,0.7297626899211213,0.2702373100788787
627,8158-WPEZG,0,0.7412539014946343,0.2587460985053653
628,9974-JFBHQ,0,0.534566662943484,0.46543333705651596
629,0870-VEMYL,0,0.5921773963586764,0.4078226036413238
630,7399-QHBJS,0,0.9834740793994524,0.016525920600547334
631,3654-ARMGP,0,0.9848054042491385,0.015194595750861335
632,1468-DEFNC,0,1.0,0.0
633,6818-WOBHJ,0,0.5792571185996107,0.42074288140038957
634,5546-QUERU,0,0.9614806119836414,0.038519388016358735
635,7717-BICXI,0,1.0,0.0
636,4836-WNFNO,0,1.0,0.0
637,5820-PTRYM,0,0.9134515166484724,0.08654848335152758
638,1963-SVUCV,0,0.5921773963586764,0.4078226036413238
639,4817-VYYWS,0,0.534566662943484,0.46543333705651596
640,4939-KYYPY,0,0.5921773963586764,0.4078226036413238
641,9135-MGVPY,0,0.9834740793994524,0.016525920600547334
642,2282-YGNOR,0,0.9056363656161261,0.09436363438387396
643,8292-TYSPY,0,0.5921773963586764,0.4078226036413238
644,7548-SEPYI,0,0.534566662943484,0.46543333705651596
645,8992-JQYUN,0,0.7297626899211213,0.2702373100788787
646,6270-OMFIW,0,0.790483586147694,0.20951641385230624
647,6427-FEFIG,0,0.9694669001317916,0.030533099868208555
648,8938-UMKPI,0,0.534566662943484,0.46543333705651596
649,0617-AQNWT,0,0.9694669001317916,0.030533099868208555
650,0191-ZHSKZ,0,0.7412539014946343,0.2587460985053653
651,6513-EECDB,1,0.4540420635302745,0.5459579364697255
652,9734-YWGEX,1,0.386902810558847,0.6130971894411528
653,3269-ATYWD,1,0.386902810558847,0.6130971894411528
654,8089-UZWLX,0,0.8221589446961904,0.1778410553038093
655,1494-EJZDW,0,1.0,0.0
656,4706-DGAHW,0,0.5921773963586764,0.4078226036413238
657,5669-SRAIP,0,0.5921773963586764,0.4078226036413238
658,1902-XBTFB,0,0.534566662943484,0.46543333705651596
659,7321-PKUYW,1,0.386902810558847,0.6130971894411528
660,1394-SUIUH,0,0.5792571185996107,0.42074288140038957
661,0531-ZZJWQ,1,0.4540420635302745,0.5459579364697255
662,7067-KSAZT,0,0.790483586147694,0.20951641385230624
663,5172-RKOCB,0,0.9209262181382637,0.07907378186173616
664,9847-HNVGP,0,0.9614806119836414,0.038519388016358735
665,2180-DXNEG,1,0.386902810558847,0.6130971894411528
666,5133-POWUA,0,0.5921773963586764,0.4078226036413238
667,5995-SNNEW,0,0.5792571185996107,0.42074288140038957
668,7225-IILWY,0,1.0,0.0
669,6817-WTYHE,0,0.5921773963586764,0.4078226036413238
670,0239-OXEXL,0,0.534566662943484,0.46543333705651596
671,4395-PZMSN,0,0.534566662943484,0.46543333705651596
672,7845-URHJN,0,0.8919615749074346,0.10803842509256527
673,4724-WXVWF,1,0.386902810558847,0.6130971894411528
674,3026-ATZYV,0,0.9134515166484724,0.08654848335152758
675,6581-NQCBA,0,0.7297626899211213,0.2702373100788787
676,5515-RUGKN,0,0.5921773963586764,0.4078226036413238
677,5628-RKIFK,1,0.386902810558847,0.6130971894411528
678,2812-ENYMO,0,0.9056363656161261,0.09436363438387396
679,9027-YFHQJ,0,0.7721341821735476,0.22786581782645254
680,9225-BZLNZ,0,0.9834740793994524,0.016525920600547334
681,3166-PNEOF,0,1.0,0.0
682,8096-LOIST,0,0.5921773963586764,0.4078226036413238
683,5606-AMZBO,1,0.4540420635302745,0.5459579364697255
684,1442-OKRJE,0,0.790483586147694,0.20951641385230624
685,6689-TCZHQ,1,0.386902810558847,0.6130971894411528
686,7167-PCEYD,0,0.9816134864289775,0.01838651357102251
687,3780-DDGSE,0,0.8379526079334948,0.1620473920665049
688,2664-XJZNO,0,0.9067333313912143,0.09326666860878528
689,8766-PAFNE,0,0.9834740793994524,0.016525920600547334
690,5813-UECBU,0,0.534566662943484,0.46543333705651596
691,7252-NTGSS,0,0.5921773963586764,0.4078226036413238
692,6015-VVHHE,1,0.386902810558847,0.6130971894411528
693,7103-ZGVNT,0,0.9134515166484724,0.08654848335152758
694,1676-MQAOA,0,0.9848054042491385,0.015194595750861335
695,9411-TPQQV,0,0.9056363656161261,0.09436363438387396
696,4529-CKBCL,1,0.386902810558847,0.6130971894411528
697,1697-BCSHV,0,0.8379526079334948,0.1620473920665049
698,4662-EKDPQ,0,0.5921773963586764,0.4078226036413238
699,1855-CFULU,0,0.7721341821735476,0.22786581782645254
700,3914-FDRHP,1,0.386902810558847,0.6130971894411528
701,5003-OKNNK,0,0.9900889156205157,0.009911084379483955
702,3908-BLSYF,1,0.386902810558847,0.6130971894411528
703,2786-GCDPI,1,0.386902810558847,0.6130971894411528
704,7295-JOMMD,1,0.386902810558847,0.6130971894411528
705,9603-OAIHC,1,0.386902810558847,0.6130971894411528
706,2834-JKOOW,0,0.8856525219405904,0.1143474780594096
707,8780-IXSTS,0,0.534566662943484,0.46543333705651596
708,4530-NDRKU,0,0.9900889156205157,0.009911084379483955
709,1866-RZZQS,1,0.386902810558847,0.6130971894411528
710,3097-NQYSN,1,0.4540420635302745,0.5459579364697255
711,0556-FJEGU,0,0.9848054042491385,0.015194595750861335
712,7396-VJUZB,0,0.7297626899211213,0.2702373100788787
713,1265-ZFOSD,0,0.9834740793994524,0.016525920600547334
714,8548-AWOFC,0,0.7297626899211213,0.2702373100788787
715,8663-UPDGF,0,0.7412539014946343,0.2587460985053653
716,0940-OUQEC,0,0.534566662943484,0.46543333705651596
717,4716-MRVEN,0,0.9614806119836414,0.038519388016358735
718,7989-AWGEH,0,0.7297626899211213,0.2702373100788787
719,9728-FTTVZ,1,0.386902810558847,0.6130971894411528
720,1623-NLDOT,0,0.9134515166484724,0.08654848335152758
721,9845-PEEKO,0,0.9261606132902916,0.07383938670970783
722,8455-HIRAQ,0,0.5921773963586764,0.4078226036413238
723,5919-TMRGD,1,0.386902810558847,0.6130971894411528
724,5318-YKDPV,0,0.9694669001317916,0.030533099868208555
725,4475-NVTLU,0,1.0,0.0
726,1112-CUNAO,0,0.534566662943484,0.46543333705651596
727,3266-FTKHB,0,0.9816134864289775,0.01838651357102251
728,4208-UFFGW,0,0.5921773963586764,0.4078226036413238
729,1766-GKNMI,1,0.386902810558847,0.6130971894411528
730,0206-TBWLC,0,0.790483586147694,0.20951641385230624
731,1098-TDVUQ,0,0.7721341821735476,0.22786581782645254
732,3524-WQDSG,1,0.4540420635302745,0.5459579364697255
733,6855-VLGOS,0,1.0,0.0
734,7609-NRNCA,0,0.9614806119836414,0.038519388016358735
735,6686-YPGHK,1,0.386902810558847,0.6130971894411528
736,1360-JYXKQ,0,0.8136523110753611,0.1863476889246385
737,6198-ZFIOJ,1,0.386902810558847,0.6130971894411528
738,6108-OQZDQ,0,0.5792571185996107,0.42074288140038957
739,4521-YEEHE,1,0.4540420635302745,0.5459579364697255
740,8972-HJWNV,1,0.4540420635302745,0.5459579364697255
741,4115-BNPJY,0,0.9694669001317916,0.030533099868208555
742,4013-GUXND,0,0.7721341821735476,0.22786581782645254
743,2257-BOVXD,0,0.7297626899211213,0.2702373100788787
744,9881-VCZEP,0,0.8379526079334948,0.1620473920665049
745,0485-ZBSLN,0,1.0,0.0
746,4770-UEZOX,0,0.534566662943484,0.46543333705651596
747,3209-ZPKFI,0,0.8379526079334948,0.1620473920665049
748,7168-HDQHG,0,0.8919615749074346,0.10803842509256527
749,6308-CQRBU,0,0.9209262181382637,0.07907378186173616
750,8878-HMWBV,0,0.5921773963586764,0.4078226036413238
751,0082-LDZUE,0,0.5921773963586764,0.4078226036413238
752,9142-KZXOP,1,0.386902810558847,0.6130971894411528
753,7905-TVXTA,0,0.5921773963586764,0.4078226036413238
754,1016-DJTSV,1,0.386902810558847,0.6130971894411528
755,1866-DIOQZ,0,0.9134515166484724,0.08654848335152758
756,0259-GBZSH,1,0.386902810558847,0.6130971894411528
757,5977-CKHON,1,0.4540420635302745,0.5459579364697255
758,2270-CHBFN,0,0.5792571185996107,0.42074288140038957
759,9878-TNQGW,1,0.386902810558847,0.6130971894411528
760,0953-LGOVU,0,0.8379526079334948,0.1620473920665049
761,6994-FGRHH,0,0.790483586147694,0.20951641385230624
762,3658-KIBGF,0,0.7412539014946343,0.2587460985053653
763,2674-MLXMN,0,0.534566662943484,0.46543333705651596
764,0218-QNVAS,0,0.790483586147694,0.20951641385230624
765,9392-XBGTD,0,0.9816134864289775,0.01838651357102251
766,9638-JIQYA,0,0.5921773963586764,0.4078226036413238
767,0895-LNKRC,0,0.9900889156205157,0.009911084379483955
768,0013-SMEOE,0,0.9209262181382637,0.07907378186173616
769,1571-SAVHK,1,0.386902810558847,0.6130971894411528
770,7180-PISOG,1,0.4540420635302745,0.5459579364697255
771,9360-AHGNL,0,0.8136523110753611,0.1863476889246385
772,1154-HYWWO,0,0.8856525219405904,0.1143474780594096
773,8544-GOQSH,0,0.534566662943484,0.46543333705651596
774,5089-IFSDP,0,0.9209262181382637,0.07907378186173616
775,6928-ONTRW,0,1.0,0.0
776,8887-IPQNC,0,0.7297626899211213,0.2702373100788787
777,0947-IDHRQ,1,0.386902810558847,0.6130971894411528
778,7566-DSRLQ,0,0.9209262181382637,0.07907378186173616
779,7188-CBBBA,0,0.8331793330319616,0.16682066696803802
780,8580-AECUZ,1,0.386902810558847,0.6130971894411528
781,0585-EGDDA,0,0.5792571185996107,0.42074288140038957
782,5296-PSYVW,0,1.0,0.0
783,0135-NMXAP,0,0.534566662943484,0.46543333705651596
784,6710-HSJRD,0,0.5792571185996107,0.42074288140038957
785,1729-VLAZJ,0,0.8856525219405904,0.1143474780594096
786,7812-FZHPE,0,0.8919615749074346,0.10803842509256527
787,5876-HZVZM,0,0.8379526079334948,0.1620473920665049
788,5131-PONJI,0,0.5792571185996107,0.42074288140038957
789,5726-CVNYA,0,1.0,0.0
790,5863-OOKCL,0,0.7721341821735476,0.22786581782645254
791,2982-IHMFT,1,0.386902810558847,0.6130971894411528
792,0595-ITUDF,0,0.5792571185996107,0.42074288140038957
793,3957-LXOLK,0,0.534566662943484,0.46543333705651596
794,7668-XCFYV,1,0.4540420635302745,0.5459579364697255
795,7593-JNWRU,0,0.7297626899211213,0.2702373100788787
796,1396-QWFBJ,0,0.5792571185996107,0.42074288140038957
797,3132-TVFDZ,0,0.7297626899211213,0.2702373100788787
798,1839-FBNFR,0,1.0,0.0
799,8705-WZCYL,0,0.5921773963586764,0.4078226036413238
800,6963-EZQEE,0,0.9834740793994524,0.016525920600547334
801,1904-WAJAA,0,0.9834740793994524,0.016525920600547334
802,3727-JEZTU,0,0.7721341821735476,0.22786581782645254
803,1187-WILMM,0,0.9834740793994524,0.016525920600547334
804,1229-RCALF,0,0.790483586147694,0.20951641385230624
805,1270-XKUCC,0,1.0,0.0
806,9236-NDUCW,0,1.0,0.0
807,4465-VDKIQ,0,0.534566662943484,0.46543333705651596
808,8008-HAWED,0,0.5921773963586764,0.4078226036413238
809,7450-NWRTR,1,0.386902810558847,0.6130971894411528
810,6732-VAILE,0,0.9834740793994524,0.016525920600547334
811,5575-GNVDE,0,0.9056363656161261,0.09436363438387396
812,9752-ZNQUT,0,0.7412539014946343,0.2587460985053653
813,3454-JFUBC,0,0.9816134864289775,0.01838651357102251
814,6407-UTSLV,0,0.534566662943484,0.46543333705651596
815,6656-JWRQX,0,0.5921773963586764,0.4078226036413238
816,4999-IEZLT,0,0.9056363656161261,0.09436363438387396
817,0907-HQNTS,0,0.9209262181382637,0.07907378186173616
818,7590-VHVEG,0,0.8379526079334948,0.1620473920665049
819,1060-ENTOF,0,0.790483586147694,0.20951641385230624
820,3457-PQBYH,0,1.0,0.0
821,5619-XZZKR,0,0.9614806119836414,0.038519388016358735
822,5555-RNPGT,0,0.7721341821735476,0.22786581782645254
823,0780-XNZFN,0,0.9816134864289775,0.01838651357102251
824,3374-LXDEV,0,0.534566662943484,0.46543333705651596
825,5133-VRSAB,0,0.5921773963586764,0.4078226036413238
826,9388-ZEYVT,0,0.9056363656161261,0.09436363438387396
827,9909-DFRJA,0,0.7989964656535318,0.20100353434646798
828,8577-QSOCG,0,1.0,0.0
829,2137-DQMEV,0,0.9134515166484724,0.08654848335152758
830,4274-DRSQT,0,0.8331793330319616,0.16682066696803802
831,2758-RNWXS,0,0.7989964656535318,0.20100353434646798
832,5671-UUNXD,0,0.8136523110753611,0.1863476889246385
833,0247-SLUJI,0,0.8919615749074346,0.10803842509256527
834,9919-FZDED,0,0.9834740793994524,0.016525920600547334
835,5840-NVDCG,0,0.9834740793994524,0.016525920600547334
836,4521-WFJAI,0,0.9816134864289775,0.01838651357102251
837,9860-LISIZ,0,0.7721341821735476,0.22786581782645254
838,7734-DBOAI,0,0.7297626899211213,0.2702373100788787
839,0057-QBUQH,0,0.9816134864289775,0.01838651357102251
840,6298-QDFNH,0,0.534566662943484,0.46543333705651596
841,1757-TCATG,0,0.9900889156205157,0.009911084379483955
842,6838-YAUVY,0,0.8221589446961904,0.1778410553038093
843,2369-FEVNO,0,0.7721341821735476,0.22786581782645254
844,1169-WCVAK,0,0.5792571185996107,0.42074288140038957
845,8559-CIZFV,0,0.9134515166484724,0.08654848335152758
846,9068-VPWQQ,0,0.9694669001317916,0.030533099868208555
847,6543-XRMYR,0,0.534566662943484,0.46543333705651596
848,8722-PRFDV,0,0.9694669001317916,0.030533099868208555
849,6233-HXJMX,1,0.386902810558847,0.6130971894411528
850,9668-PUGNU,0,1.0,0.0
851,7074-IEVOJ,0,0.534566662943484,0.46543333705651596
852,3506-OVLKD,0,0.9614806119836414,0.038519388016358735
853,3992-YWPKO,0,0.534566662943484,0.46543333705651596
854,3128-YOVTD,0,0.5792571185996107,0.42074288140038957
855,7389-KBFIT,0,0.8379526079334948,0.1620473920665049
856,4622-YNKIJ,0,0.8221589446961904,0.1778410553038093
857,3778-FOAQW,0,0.9900889156205157,0.009911084379483955
858,3146-JTQHR,0,0.9900889156205157,0.009911084379483955
859,3945-GFWQL,0,0.5921773963586764,0.4078226036413238
860,3987-KQDDU,1,0.386902810558847,0.6130971894411528
861,6243-OZGFH,0,0.5921773963586764,0.4078226036413238
862,7817-BOQPW,1,0.386902810558847,0.6130971894411528
863,8388-FYNPZ,0,0.5921773963586764,0.4078226036413238
864,4703-MQYKT,0,0.9816134864289775,0.01838651357102251
865,3284-SVCRO,0,1.0,0.0
866,8847-GEOOQ,0,0.8379526079334948,0.1620473920665049
867,9581-GVBXT,0,0.9072006430816952,0.09279935691830438
868,8350-NYMVI,0,0.7412539014946343,0.2587460985053653
869,6352-TWCAU,1,0.386902810558847,0.6130971894411528
870,8044-BGWPI,0,0.8919615749074346,0.10803842509256527
871,5834-ASPWA,1,0.386902810558847,0.6130971894411528
872,5884-GCYMI,1,0.386902810558847,0.6130971894411528
873,7909-FIOIY,0,0.7297626899211213,0.2702373100788787
874,7055-JCGNI,0,0.9261606132902916,0.07383938670970783
875,1658-XUHBX,1,0.4540420635302745,0.5459579364697255
876,5590-BYNII,1,0.386902810558847,0.6130971894411528
877,6518-PPLMZ,0,1.0,0.0
878,9824-BEMCV,1,0.4540420635302745,0.5459579364697255
879,1813-JYWTO,0,0.9067333313912143,0.09326666860878528
880,4350-ZTLPI,0,0.790483586147694,0.20951641385230624
881,9507-EXLTT,1,0.4540420635302745,0.5459579364697255
882,5766-XQXMQ,0,0.7412539014946343,0.2587460985053653
883,0106-UGRDO,0,0.9209262181382637,0.07907378186173616
884,4257-GAESD,0,0.5921773963586764,0.4078226036413238
885,6683-VLCTZ,1,0.386902810558847,0.6130971894411528
886,0970-ETWGE,1,0.386902810558847,0.6130971894411528
887,8679-JOEVF,0,0.5921773963586764,0.4078226036413238
888,4883-QICIH,1,0.4540420635302745,0.5459579364697255
889,7156-MXBJE,0,0.8856525219405904,0.1143474780594096
890,7216-EWTRS,1,0.4540420635302745,0.5459579364697255
891,3370-HXOPH,1,0.386902810558847,0.6130971894411528
892,8963-JLGJT,0,0.5921773963586764,0.4078226036413238
893,1602-IJQQE,1,0.386902810558847,0.6130971894411528
894,3791-LGQCY,1,0.4540420635302745,0.5459579364697255
895,4255-DDUOU,0,0.8919615749074346,0.10803842509256527
896,3487-EARAT,0,0.9134515166484724,0.08654848335152758
897,2903-YYTBW,0,0.7297626899211213,0.2702373100788787
898,5688-KZTSN,0,0.8919615749074346,0.10803842509256527
899,4282-YMKNA,1,0.386902810558847,0.6130971894411528
900,8942-DBMHZ,0,0.7721341821735476,0.22786581782645254
901,8097-OMULG,0,0.9134515166484724,0.08654848335152758
902,5701-ZIKJE,0,0.5921773963586764,0.4078226036413238
903,3144-KMTWZ,0,0.5792571185996107,0.42074288140038957
904,4808-YNLEU,0,0.9072006430816952,0.09279935691830438
905,2232-DMLXU,0,0.7297626899211213,0.2702373100788787
906,1934-SJVJK,0,0.7721341821735476,0.22786581782645254
907,8197-BFWVU,0,0.9834740793994524,0.016525920600547334
908,5126-RCXYW,0,0.9694669001317916,0.030533099868208555
909,5996-DAOQL,0,0.7721341821735476,0.22786581782645254
910,0030-FNXPP,0,0.7721341821735476,0.22786581782645254
911,4510-PYUSH,0,0.7412539014946343,0.2587460985053653
912,6322-HRPFA,0,0.8379526079334948,0.1620473920665049
913,2057-ZBLPD,1,0.4540420635302745,0.5459579364697255
914,8329-GWVPJ,1,0.4540420635302745,0.5459579364697255
915,3845-FXCYS,0,0.7721341821735476,0.22786581782645254
916,9497-QCMMS,1,0.386902810558847,0.6130971894411528
917,1080-BWSYE,0,1.0,0.0
918,5519-NPHVG,1,0.386902810558847,0.6130971894411528
919,5063-IUOKK,0,0.9816134864289775,0.01838651357102251
920,8450-LUGUK,0,1.0,0.0
921,7613-LLQFO,1,0.386902810558847,0.6130971894411528
922,3158-MOERK,1,0.386902810558847,0.6130971894411528
923,0979-PHULV,1,0.4540420635302745,0.5459579364697255
924,5680-LQOGP,0,0.9848054042491385,0.015194595750861335
925,8620-RJPZN,0,0.7721341821735476,0.22786581782645254
926,4390-KYULV,0,0.8919615749074346,0.10803842509256527
927,1608-GMEWB,1,0.386902810558847,0.6130971894411528
928,3635-JBPSG,0,0.9848054042491385,0.015194595750861335
929,5542-NKVRU,0,0.9816134864289775,0.01838651357102251
930,7037-MTYVW,0,0.9694669001317916,0.030533099868208555
931,9992-UJOEL,0,0.7412539014946343,0.2587460985053653
932,2987-BJXIK,0,0.9848054042491385,0.015194595750861335
933,0516-QREYC,0,0.7721341821735476,0.22786581782645254
934,7693-LCKZL,0,0.5792571185996107,0.42074288140038957
935,6486-LHTMA,0,0.8136523110753611,0.1863476889246385
936,3419-SNJJD,1,0.4540420635302745,0.5459579364697255
937,3967-VQOGC,0,1.0,0.0
938,5348-CAGXB,1,0.386902810558847,0.6130971894411528
939,6625-UTXEW,0,0.8379526079334948,0.1620473920665049
940,2667-WYLWJ,0,0.9900889156205157,0.009911084379483955
941,9819-FBNSV,1,0.4540420635302745,0.5459579364697255
942,0519-XUZJU,1,0.386902810558847,0.6130971894411528
943,9821-BESNZ,0,0.8331793330319616,0.16682066696803802
944,4986-MXSFP,0,0.7721341821735476,0.22786581782645254
945,0191-EQUUH,0,1.0,0.0
946,4660-IRIBM,1,0.4540420635302745,0.5459579364697255
947,8095-WANWK,0,0.5921773963586764,0.4078226036413238
948,9501-UKKNL,0,0.5921773963586764,0.4078226036413238
949,9688-YGXVR,0,0.534566662943484,0.46543333705651596
950,1612-EOHDH,0,0.5921773963586764,0.4078226036413238
951,5730-RIITO,0,0.7412539014946343,0.2587460985053653
952,0208-BPQEJ,0,0.8919615749074346,0.10803842509256527
953,1241-FPMOF,0,0.9816134864289775,0.01838651357102251
954,1984-FCOWB,0,0.790483586147694,0.20951641385230624
955,7041-TXQJH,0,0.5921773963586764,0.4078226036413238
956,4853-RULSV,0,0.8221589446961904,0.1778410553038093
957,7253-UVNDW,0,1.0,0.0
958,3536-IQCTX,1,0.4540420635302745,0.5459579364697255
959,9943-VSZUV,1,0.386902810558847,0.6130971894411528
960,9089-UOWJG,0,0.7297626899211213,0.2702373100788787
961,2452-KDRRH,1,0.386902810558847,0.6130971894411528
962,7598-UAASY,1,0.4540420635302745,0.5459579364697255
963,5130-YPIRV,0,0.9834740793994524,0.016525920600547334
964,8429-XIBUM,1,0.386902810558847,0.6130971894411528
965,5702-SKUOB,0,0.8919615749074346,0.10803842509256527
966,3716-BDVDB,1,0.386902810558847,0.6130971894411528
967,8665-UTDHZ,0,0.8379526079334948,0.1620473920665049
968,7841-FCRQD,0,0.9134515166484724,0.08654848335152758
969,4903-UYAVB,0,0.8919615749074346,0.10803842509256527
970,5129-HHMZC,0,0.9834740793994524,0.016525920600547334
971,6458-CYIDZ,0,0.534566662943484,0.46543333705651596
972,9073-ZZIAY,0,0.9834740793994524,0.016525920600547334
973,3404-JNXAX,1,0.4540420635302745,0.5459579364697255
974,6121-VZNQB,0,0.7721341821735476,0.22786581782645254
975,3672-YITQD,1,0.4540420635302745,0.5459579364697255
976,6505-OZNPG,0,0.9848054042491385,0.015194595750861335
977,0289-IVARM,0,0.7412539014946343,0.2587460985053653
978,0164-XAIRP,0,0.9816134864289775,0.01838651357102251
979,7284-BUYEC,0,0.7412539014946343,0.2587460985053653
980,2516-XSJKX,0,0.9834740793994524,0.016525920600547334
981,8138-EALND,0,0.7721341821735476,0.22786581782645254
982,6288-LBEAR,0,0.534566662943484,0.46543333705651596
983,3858-VOBET,1,0.386902810558847,0.6130971894411528
984,8316-BBQAY,0,1.0,0.0
985,8040-MNRTF,1,0.386902810558847,0.6130971894411528
986,8731-WBBMB,0,0.8379526079334948,0.1620473920665049
987,3627-FCRDW,1,0.386902810558847,0.6130971894411528
988,7139-JZFVG,0,0.9834740793994524,0.016525920600547334
989,8167-GJLRN,0,0.5921773963586764,0.4078226036413238
990,7890-VYYWG,0,0.7297626899211213,0.2702373100788787
991,9386-LDCZR,0,0.8331793330319616,0.16682066696803802
992,4950-BDEUX,0,0.5921773963586764,0.4078226036413238
993,3902-MIVLE,0,0.9694669001317916,0.030533099868208555
994,1139-WUOAH,0,1.0,0.0
995,5986-WWXDV,0,0.9614806119836414,0.038519388016358735
996,4815-GBTCD,0,0.7297626899211213,0.2702373100788787
997,3549-ZTMNH,0,1.0,0.0
998,4884-LEVMQ,0,1.0,0.0
999,5419-CONWX,0,0.534566662943484,0.46543333705651596
1000,8612-GXIDD,0,1.0,0.0
1001,4412-YLTKF,1,0.386902810558847,0.6130971894411528
1002,0559-CKHUS,0,1.0,0.0
1003,2004-OCQXK,1,0.386902810558847,0.6130971894411528
1004,5707-ZMDJP,0,0.9834740793994524,0.016525920600547334
1005,6904-JLBGY,0,0.9261606132902916,0.07383938670970783
1006,3678-MNGZX,0,1.0,0.0
1007,9838-BFCQT,0,1.0,0.0
1008,1951-IEYXM,0,0.9834740793994524,0.016525920600547334
1009,0895-DQHEW,0,0.5792571185996107,0.42074288140038957
1010,3439-GVUSX,0,0.5921773963586764,0.4078226036413238
1011,6253-GNHWH,0,0.9834740793994524,0.016525920600547334
1012,2346-DJQTB,0,0.5921773963586764,0.4078226036413238
1013,5968-HYJRZ,0,1.0,0.0
1014,3645-DEYGF,0,0.7721341821735476,0.22786581782645254
1015,1346-UFHAX,1,0.386902810558847,0.6130971894411528
1016,3500-NSDOA,0,0.9834740793994524,0.016525920600547334
1017,3733-UOCWF,0,0.790483586147694,0.20951641385230624
1018,4304-TSPVK,0,0.9209262181382637,0.07907378186173616
1019,0128-MKWSG,0,0.5921773963586764,0.4078226036413238
1020,2361-FJWNO,0,0.8856525219405904,0.1143474780594096
1021,3785-NRHYR,0,0.7721341821735476,0.22786581782645254
1022,6419-ZTTLE,0,0.9900889156205157,0.009911084379483955
1023,2831-EBWRN,0,0.5921773963586764,0.4078226036413238
1024,4439-YRNVD,0,0.7412539014946343,0.2587460985053653
1025,1150-FTQGN,0,0.790483586147694,0.20951641385230624
1026,0567-XRHCU,0,0.9694669001317916,0.030533099868208555
1027,8659-HDIYE,0,0.7412539014946343,0.2587460985053653
1028,1561-BWHIN,0,0.9900889156205157,0.009911084379483955
1029,1657-DYMBM,0,1.0,0.0
1030,3398-GCPMU,0,0.9834740793994524,0.016525920600547334
1031,6849-OYAMU,0,0.790483586147694,0.20951641385230624
1032,5906-BFOZT,0,0.7721341821735476,0.22786581782645254
1033,1237-WIYYZ,0,0.7721341821735476,0.22786581782645254
1034,4385-GZQXV,1,0.386902810558847,0.6130971894411528
1035,2592-YKDIF,0,0.7721341821735476,0.22786581782645254
1036,2974-GGUXS,0,0.5792571185996107,0.42074288140038957
1037,2188-SXWVT,0,0.8856525219405904,0.1143474780594096
1038,7989-CHGTL,0,0.7721341821735476,0.22786581782645254
1039,2988-QRAJY,0,0.9261606132902916,0.07383938670970783
1040,9399-APLBT,0,0.5792571185996107,0.42074288140038957
1041,9637-CDTKZ,0,0.9209262181382637,0.07907378186173616
1042,7055-HNEOJ,0,0.7297626899211213,0.2702373100788787
1043,2378-HTWFW,1,0.386902810558847,0.6130971894411528
1044,0164-APGRB,0,0.9261606132902916,0.07383938670970783
1045,5499-ECUTN,0,0.9072006430816952,0.09279935691830438
1046,9618-LFJRU,0,0.7721341821735476,0.22786581782645254
1047,4139-SUGLD,0,0.7297626899211213,0.2702373100788787
1048,3070-FNFZQ,0,1.0,0.0
1049,2777-PHDEI,1,0.386902810558847,0.6130971894411528
1050,2842-BCQGE,1,0.386902810558847,0.6130971894411528
1051,6901-GOGZG,0,1.0,0.0
1052,2984-RGEYA,0,1.0,0.0
1053,2530-ENDWQ,0,0.9067333313912143,0.09326666860878528
1054,8671-KKKOS,0,0.8379526079334948,0.1620473920665049
1055,8148-NLEGT,0,1.0,0.0
1056,1897-OKVMW,0,0.9834740793994524,0.016525920600547334
1057,4816-OKWNX,0,0.790483586147694,0.20951641385230624
1058,4182-BGSIQ,0,0.8919615749074346,0.10803842509256527
1059,6376-GAHQE,1,0.386902810558847,0.6130971894411528
1060,8260-NGFNY,0,0.5921773963586764,0.4078226036413238
1061,8229-TNIQA,0,0.5921773963586764,0.4078226036413238
1062,2236-HILPA,0,1.0,0.0
1063,0248-PGHBZ,0,0.9261606132902916,0.07383938670970783
1064,0804-XBFBV,0,0.5921773963586764,0.4078226036413238
1065,0369-ZGOVK,0,0.8136523110753611,0.1863476889246385
1066,7901-HXJVA,1,0.386902810558847,0.6130971894411528
1067,2235-ZGKPT,0,0.7297626899211213,0.2702373100788787
1068,3913-RDSJZ,0,1.0,0.0
1069,9643-AVVWI,0,0.5792571185996107,0.42074288140038957
1070,8149-AIQCG,1,0.386902810558847,0.6130971894411528
1071,8922-NPKBJ,0,1.0,0.0
1072,4576-CSAJH,0,0.8856525219405904,0.1143474780594096
1073,1121-QSIVB,0,0.8856525219405904,0.1143474780594096
1074,3712-PKXZA,0,0.9900889156205157,0.009911084379483955
1075,4707-YNOQA,0,0.9900889156205157,0.009911084379483955
1076,4361-FEBGN,0,0.9816134864289775,0.01838651357102251
1077,0318-QUUOB,1,0.4540420635302745,0.5459579364697255
1078,6576-FBXOJ,0,0.9072006430816952,0.09279935691830438
1079,2479-BRAMR,1,0.4540420635302745,0.5459579364697255
1080,3752-CQSJI,0,0.8919615749074346,0.10803842509256527
1081,6345-FZOQH,0,1.0,0.0
1082,7270-BDIOA,1,0.386902810558847,0.6130971894411528
1083,8593-WHYHV,1,0.386902810558847,0.6130971894411528
1084,5372-FBKBN,0,0.7721341821735476,0.22786581782645254
1085,4030-VPZBD,0,0.5921773963586764,0.4078226036413238
1086,6772-KSATR,1,0.386902810558847,0.6130971894411528
1087,0068-FIGTF,0,0.8856525219405904,0.1143474780594096
1088,6080-LNESI,0,0.9816134864289775,0.01838651357102251
1089,1705-GUHPV,0,0.9816134864289775,0.01838651357102251
1090,4227-OJHAL,0,0.9134515166484724,0.08654848335152758
1091,0835-JKADZ,0,0.9261606132902916,0.07383938670970783
1092,3785-KTYSH,0,0.9816134864289775,0.01838651357102251
1093,9114-AAFQH,0,0.9134515166484724,0.08654848335152758
1094,7605-SNLQG,0,0.7297626899211213,0.2702373100788787
1095,3062-ICYZQ,0,0.5792571185996107,0.42074288140038957
1096,7445-WMRBW,0,0.8856525219405904,0.1143474780594096
1097,9530-GRMJG,0,0.9834740793994524,0.016525920600547334
1098,1205-WNWPJ,0,0.5921773963586764,0.4078226036413238
1099,8413-VONUO,0,0.534566662943484,0.46543333705651596
1100,6434-TTGJP,0,0.9834740793994524,0.016525920600547334
1101,6728-DKUCO,0,0.790483586147694,0.20951641385230624
1102,2516-VQRRV,1,0.386902810558847,0.6130971894411528
1103,7315-WYOAW,1,0.386902810558847,0.6130971894411528
1104,7501-VTYLJ,0,0.7412539014946343,0.2587460985053653
1105,2749-CTKAJ,0,0.9900889156205157,0.009911084379483955
1106,5248-YGIJN,0,0.9834740793994524,0.016525920600547334
1107,2178-PMGCJ,1,0.386902810558847,0.6130971894411528
1108,9314-IJWSQ,1,0.4540420635302745,0.5459579364697255
1109,4338-EYCER,0,0.7297626899211213,0.2702373100788787
1110,7109-MFBYV,0,0.5921773963586764,0.4078226036413238
1111,3318-NMQXL,1,0.386902810558847,0.6130971894411528
1112,0186-CAERR,0,0.8331793330319616,0.16682066696803802
1113,4860-IJUDE,1,0.386902810558847,0.6130971894411528
1114,3308-JSGML,0,0.9694669001317916,0.030533099868208555
1115,9530-EHPOH,0,0.5921773963586764,0.4078226036413238
1116,6305-YLBMM,0,0.8331793330319616,0.16682066696803802
1117,3230-WYKIR,0,0.9056363656161261,0.09436363438387396
1118,9945-PSVIP,0,1.0,0.0
1119,7721-JXEAW,0,0.8379526079334948,0.1620473920665049
1120,3727-RJMEO,1,0.4540420635302745,0.5459579364697255
1121,2230-XTUWL,0,1.0,0.0
1122,5084-OOVCJ,0,0.7297626899211213,0.2702373100788787
1123,8270-RKSAP,1,0.386902810558847,0.6130971894411528
1124,8584-KMVXD,0,0.534566662943484,0.46543333705651596
1125,5842-POCOP,1,0.4540420635302745,0.5459579364697255
1126,2805-AUFQN,0,0.9816134864289775,0.01838651357102251
1127,7312-XSBAT,0,0.5921773963586764,0.4078226036413238
1128,4983-CCWMC,1,0.386902810558847,0.6130971894411528
1129,0804-YGEQV,0,0.9900889156205157,0.009911084379483955
1130,1709-EJDOX,0,1.0,0.0
1131,2277-DJJDL,1,0.4540420635302745,0.5459579364697255
1132,9470-XCCEM,0,0.5792571185996107,0.42074288140038957
1133,3224-DFQNQ,0,0.790483586147694,0.20951641385230624
1134,7517-LDMPS,0,0.534566662943484,0.46543333705651596
1135,8668-KNZTI,0,0.9056363656161261,0.09436363438387396
1136,8207-DMRVL,0,0.9209262181382637,0.07907378186173616
1137,6275-YDUVO,1,0.386902810558847,0.6130971894411528
1138,0550-DCXLH,0,0.7412539014946343,0.2587460985053653
1139,4365-MSDYN,0,0.8919615749074346,0.10803842509256527
1140,9863-JZAIC,0,0.5921773963586764,0.4078226036413238
1141,7197-VOJMM,0,0.9834740793994524,0.016525920600547334
1142,1084-UQCHV,1,0.386902810558847,0.6130971894411528
1143,9279-CJEOJ,1,0.386902810558847,0.6130971894411528
1144,0112-QWPNC,0,0.9072006430816952,0.09279935691830438
1145,9095-HFAFX,1,0.386902810558847,0.6130971894411528
1146,8873-TMKGR,0,0.9614806119836414,0.038519388016358735
1147,2862-PFNIK,0,0.5921773963586764,0.4078226036413238
1148,7996-BPXHY,0,1.0,0.0
1149,3399-BMLVW,0,0.9834740793994524,0.016525920600547334
1150,9128-CPXKI,0,0.8221589446961904,0.1778410553038093
1151,5828-DWPIL,0,0.5792571185996107,0.42074288140038957
1152,7969-AULMZ,1,0.386902810558847,0.6130971894411528
1153,2603-HVKCG,0,0.534566662943484,0.46543333705651596
1154,0909-SDHNU,0,0.5921773963586764,0.4078226036413238
1155,9170-CCKOU,0,0.5792571185996107,0.42074288140038957
1156,4080-OGPJL,0,0.5921773963586764,0.4078226036413238
1157,7623-TRNQN,0,0.5921773963586764,0.4078226036413238
1158,6629-LADHQ,0,0.5921773963586764,0.4078226036413238
1159,4652-ODEVH,0,1.0,0.0
1160,9862-KJTYK,0,0.5921773963586764,0.4078226036413238
1161,3934-HXCFZ,0,0.5792571185996107,0.42074288140038957
1162,4419-UJMUS,0,0.9067333313912143,0.09326666860878528
1163,7336-RLLRH,0,0.9072006430816952,0.09279935691830438
1164,3649-JPUGY,0,0.9848054042491385,0.015194595750861335
1165,6599-GZWCM,0,0.8331793330319616,0.16682066696803802
1166,1564-HJUVY,0,0.7412539014946343,0.2587460985053653
1167,9199-PWQVC,0,0.9134515166484724,0.08654848335152758
1168,7606-BPHHN,0,0.9816134864289775,0.01838651357102251
1169,4317-VTEOA,0,0.7412539014946343,0.2587460985053653
1170,3061-BCKYI,0,0.7721341821735476,0.22786581782645254
1171,7716-YTYHG,0,0.8136523110753611,0.1863476889246385
1172,3352-RICWQ,0,1.0,0.0
1173,0295-QVKPB,0,0.5921773963586764,0.4078226036413238
1174,1764-VUUMT,0,0.9816134864289775,0.01838651357102251
1175,5989-OMNJE,0,0.9134515166484724,0.08654848335152758
1176,3247-MHJKM,0,0.7721341821735476,0.22786581782645254
1177,9972-NKTFD,0,0.7412539014946343,0.2587460985053653
1178,2359-KLTEK,1,0.4540420635302745,0.5459579364697255
1179,9231-ZJYAM,1,0.386902810558847,0.6130971894411528
1180,4829-ZLJTK,0,0.9209262181382637,0.07907378186173616
1181,1047-NNCBF,1,0.386902810558847,0.6130971894411528
1182,6465-GSRCL,0,0.8331793330319616,0.16682066696803802
1183,8286-AFUYI,0,0.5921773963586764,0.4078226036413238
1184,3092-IGHWF,0,0.790483586147694,0.20951641385230624
1185,0541-FITGH,0,0.7297626899211213,0.2702373100788787
1186,2203-GHNWN,1,0.4540420635302745,0.5459579364697255
1187,7954-MLBUN,0,0.8221589446961904,0.1778410553038093
1188,2675-DHUTR,0,0.5792571185996107,0.42074288140038957
1189,7824-PANSQ,1,0.386902810558847,0.6130971894411528
1190,8805-JNRAZ,0,0.7412539014946343,0.2587460985053653
1191,0390-DCFDQ,1,0.4540420635302745,0.5459579364697255
1192,3923-CSIHK,1,0.4540420635302745,0.5459579364697255
1193,9570-KYEUA,0,0.8221589446961904,0.1778410553038093
1194,1075-BGWOH,1,0.4540420635302745,0.5459579364697255
1195,6490-FGZAT,0,0.7721341821735476,0.22786581782645254
1196,1921-KYSAY,0,0.9056363656161261,0.09436363438387396
1197,6732-FZUGP,0,0.7989964656535318,0.20100353434646798
1198,1877-HKBQX,0,0.9056363656161261,0.09436363438387396
1199,9822-WMWVG,0,0.534566662943484,0.46543333705651596
1200,0877-SDMBN,0,0.7989964656535318,0.20100353434646798
1201,7672-VFMXZ,0,0.7297626899211213,0.2702373100788787
1202,4926-UMJZD,0,0.7297626899211213,0.2702373100788787
1203,4877-TSOFF,0,0.9134515166484724,0.08654848335152758
1204,9391-TTOYH,0,0.7721341821735476,0.22786581782645254
1205,6653-CBBOM,1,0.386902810558847,0.6130971894411528
1206,7551-DACSP,0,0.8379526079334948,0.1620473920665049
1207,0219-YTZUE,0,0.5792571185996107,0.42074288140038957
1208,0929-PECLO,1,0.386902810558847,0.6130971894411528
1209,9506-UXUSK,1,0.386902810558847,0.6130971894411528
1210,7394-FKDNK,1,0.4540420635302745,0.5459579364697255
1211,3797-FKOGQ,1,0.386902810558847,0.6130971894411528
1212,5600-PDUJF,0,0.5921773963586764,0.4078226036413238
1213,6507-ZJSUR,1,0.4540420635302745,0.5459579364697255
1214,5539-HIVAK,0,0.8919615749074346,0.10803842509256527
1215,6848-YLDFR,0,0.9134515166484724,0.08654848335152758
1216,4446-BZKHU,0,0.5792571185996107,0.42074288140038957
1217,0447-BEMNG,0,0.7297626899211213,0.2702373100788787
1218,3813-DHBBB,0,0.9834740793994524,0.016525920600547334
1219,7742-MYPGI,0,0.7297626899211213,0.2702373100788787
1220,2274-XUATA,0,0.9834740793994524,0.016525920600547334
1221,6652-YFFJO,0,0.5921773963586764,0.4078226036413238
1222,5012-YSPJJ,0,0.7297626899211213,0.2702373100788787
1223,2931-SVLTV,0,0.5792571185996107,0.42074288140038957
1224,6463-MVYRY,0,1.0,0.0
1225,6435-SRWBJ,1,0.386902810558847,0.6130971894411528
1226,6906-ANDWJ,1,0.4540420635302745,0.5459579364697255
1227,4625-XMOYM,0,1.0,0.0
1228,8963-MQVYN,0,0.7721341821735476,0.22786581782645254
1229,1891-QRQSA,0,0.9067333313912143,0.09326666860878528
1230,3090-LETTY,0,0.7412539014946343,0.2587460985053653
1231,1376-HHBDV,0,0.5921773963586764,0.4078226036413238
1232,7771-ZONAT,0,1.0,0.0
1233,0608-JDVEC,0,1.0,0.0
1234,2925-MXLSX,0,0.8856525219405904,0.1143474780594096
1235,6374-AFWOX,0,0.9834740793994524,0.016525920600547334
1236,1125-SNVCK,0,0.5921773963586764,0.4078226036413238
1237,6762-NSODU,0,1.0,0.0
1238,3373-DIUUN,0,1.0,0.0
1239,4102-HLENU,0,0.9834740793994524,0.016525920600547334
1240,3346-BRMIS,0,0.7297626899211213,0.2702373100788787
1241,4302-ZYFEL,0,0.9900889156205157,0.009911084379483955
1242,5204-QZXPU,0,0.5921773963586764,0.4078226036413238
1243,9588-OZDMQ,0,0.7297626899211213,0.2702373100788787
1244,3714-XPXBW,0,0.7412539014946343,0.2587460985053653
1245,5766-ZJYBB,0,0.7721341821735476,0.22786581782645254
1246,0637-YLETY,0,0.534566662943484,0.46543333705651596
1247,1142-WACZW,0,0.5921773963586764,0.4078226036413238
1248,2276-YDAVZ,1,0.386902810558847,0.6130971894411528
1249,4988-IQIGL,1,0.386902810558847,0.6130971894411528
1250,4083-EUGRJ,0,0.7721341821735476,0.22786581782645254
1251,2805-EDJPQ,0,0.790483586147694,0.20951641385230624
1252,9402-ROUMJ,0,0.8136523110753611,0.1863476889246385
1253,0431-APWVY,0,0.8136523110753611,0.1863476889246385
1254,5944-UGLLK,0,0.9056363656161261,0.09436363438387396
1255,5397-TUPSH,0,0.8136523110753611,0.1863476889246385
1256,3551-HUAZH,1,0.386902810558847,0.6130971894411528
1257,9774-NRNAU,0,0.8379526079334948,0.1620473920665049
1258,9505-SQFSW,0,0.8379526079334948,0.1620473920665049
1259,9817-APLHW,0,0.7721341821735476,0.22786581782645254
1260,1513-XNPPH,1,0.386902810558847,0.6130971894411528
1261,3733-ZEECP,0,0.7297626899211213,0.2702373100788787
1262,2697-NQBPF,0,0.534566662943484,0.46543333705651596
1263,3623-FQBOX,0,0.7721341821735476,0.22786581782645254
1264,9805-FILKB,0,0.9900889156205157,0.009911084379483955
1265,7228-PAQPD,0,0.9056363656161261,0.09436363438387396
1266,0757-WCUUZ,0,0.9694669001317916,0.030533099868208555
1267,4111-BNXIF,0,0.9834740793994524,0.016525920600547334
1268,6198-RTPMF,1,0.4540420635302745,0.5459579364697255
1269,0930-EHUZA,0,0.8856525219405904,0.1143474780594096
1270,7526-IVLYU,0,0.7721341821735476,0.22786581782645254
1271,3452-GWUIN,1,0.4540420635302745,0.5459579364697255
1272,8400-WZICQ,0,0.8379526079334948,0.1620473920665049
1273,4254-QPEDE,0,0.9834740793994524,0.016525920600547334
1274,1023-BQXZE,0,1.0,0.0
1275,5161-XEUVX,0,0.9067333313912143,0.09326666860878528
1276,4250-WAROZ,0,0.5792571185996107,0.42074288140038957
1277,4423-YLHDV,1,0.4540420635302745,0.5459579364697255
1278,9424-CMPOG,0,1.0,0.0
1279,0742-MOABM,0,0.7297626899211213,0.2702373100788787
1280,7706-DZNKK,0,0.7721341821735476,0.22786581782645254
1281,2729-VNVAP,0,1.0,0.0
1282,8404-GFGCZ,0,0.7297626899211213,0.2702373100788787
1283,4335-UPJSI,0,0.9816134864289775,0.01838651357102251
1284,4367-NHWMM,0,0.5921773963586764,0.4078226036413238
1285,8630-FJLIB,1,0.386902810558847,0.6130971894411528
1286,8780-RSYYU,0,0.7721341821735476,0.22786581782645254
1287,6899-PPEEA,1,0.386902810558847,0.6130971894411528
1288,0774-RMNUW,0,0.9834740793994524,0.016525920600547334
1289,1965-DDBWU,1,0.386902810558847,0.6130971894411528
1290,3212-KXOCR,0,0.9816134864289775,0.01838651357102251
1291,0409-WTMPL,0,0.790483586147694,0.20951641385230624
1292,0867-MKZVY,1,0.4540420635302745,0.5459579364697255
1293,7814-LEEVE,0,0.8919615749074346,0.10803842509256527
1294,7883-ROJOC,0,0.7297626899211213,0.2702373100788787
1295,4825-FUREZ,0,1.0,0.0
1296,5325-UWTWJ,0,0.5792571185996107,0.42074288140038957
1297,3629-WEAAM,0,0.5921773963586764,0.4078226036413238
1298,3345-PBBFH,0,0.8379526079334948,0.1620473920665049
1299,3030-YDNRM,1,0.386902810558847,0.6130971894411528
1300,2722-JMONI,0,0.7297626899211213,0.2702373100788787
1301,4690-LLKUA,0,0.5921773963586764,0.4078226036413238
1302,4318-RAJVY,0,0.9614806119836414,0.038519388016358735
1303,5371-VYLSX,0,0.534566662943484,0.46543333705651596
1304,7529-ZDFXI,0,0.5792571185996107,0.42074288140038957
1305,0661-WCQNQ,0,0.9072006430816952,0.09279935691830438
1306,7103-IPXPJ,0,0.8136523110753611,0.1863476889246385
1307,3640-PHQXK,1,0.386902810558847,0.6130971894411528
1308,9101-NTIXF,0,0.7721341821735476,0.22786581782645254
1309,2475-MROZF,0,0.534566662943484,0.46543333705651596
1310,8414-MYSHR,1,0.386902810558847,0.6130971894411528
1311,6087-YPWHO,0,0.9834740793994524,0.016525920600547334
1312,2495-TTHBQ,0,0.9614806119836414,0.038519388016358735
1313,8982-NHAVY,0,0.7989964656535318,0.20100353434646798
1314,3280-MRDOF,0,1.0,0.0
1315,2209-XADXF,0,0.5921773963586764,0.4078226036413238
1316,3569-EDBPQ,1,0.386902810558847,0.6130971894411528
1317,7654-YWJUF,0,0.8136523110753611,0.1863476889246385
1318,2542-HYGIQ,0,0.7721341821735476,0.22786581782645254
1319,6094-ZIVKX,0,0.9056363656161261,0.09436363438387396
1320,3508-VLHCZ,0,0.9834740793994524,0.016525920600547334
1321,2115-BFTIW,1,0.386902810558847,0.6130971894411528
1322,1925-TIBLE,1,0.4540420635302745,0.5459579364697255
1323,7319-ZNRTR,0,0.9900889156205157,0.009911084379483955
1324,0224-RLWWD,0,0.5921773963586764,0.4078226036413238
1325,4588-YBNIB,0,0.7721341821735476,0.22786581782645254
1326,2223-GDSHL,0,0.9209262181382637,0.07907378186173616
1327,6910-HADCM,1,0.386902810558847,0.6130971894411528
1328,0921-OHLVP,1,0.386902810558847,0.6130971894411528
1329,8819-WFGGJ,0,0.9694669001317916,0.030533099868208555
1330,3106-ULWFW,1,0.4540420635302745,0.5459579364697255
1331,9018-PCIOK,0,0.9848054042491385,0.015194595750861335
1332,6211-WWLTF,0,0.9067333313912143,0.09326666860878528
1333,2684-EIWEO,0,0.534566662943484,0.46543333705651596
1334,8450-UYIBU,0,0.5921773963586764,0.4078226036413238
1335,6791-YBNAK,0,0.7297626899211213,0.2702373100788787
1336,3254-YRILK,0,0.534566662943484,0.46543333705651596
1337,4698-KVLLG,0,0.9816134864289775,0.01838651357102251
1338,7608-RGIRO,0,0.9816134864289775,0.01838651357102251
1339,8547-NSBBO,0,0.534566662943484,0.46543333705651596
1340,7241-AJHFS,1,0.386902810558847,0.6130971894411528
1341,7995-ZHHNZ,0,0.9072006430816952,0.09279935691830438
1342,4710-NKCAW,0,0.8379526079334948,0.1620473920665049
1343,6542-LWGXJ,0,0.7297626899211213,0.2702373100788787
1344,1626-ERCMM,1,0.4540420635302745,0.5459579364697255
1345,9208-OLGAQ,1,0.386902810558847,0.6130971894411528
1346,4369-NYSCF,0,0.8856525219405904,0.1143474780594096
1347,2722-VOJQL,0,0.8331793330319616,0.16682066696803802
1348,3682-YEUWS,0,0.8919615749074346,0.10803842509256527
1349,5018-HEKFO,0,0.7721341821735476,0.22786581782645254
1350,0810-BDHAW,0,0.9134515166484724,0.08654848335152758
1351,3803-KMQFW,0,0.8919615749074346,0.10803842509256527
1352,1455-UGQVH,1,0.4540420635302745,0.5459579364697255
1353,7601-DHFWZ,0,0.9816134864289775,0.01838651357102251
1354,3719-TDVQB,0,1.0,0.0
1355,1042-HFUCW,0,0.8856525219405904,0.1143474780594096
1356,7786-WBJYI,0,0.534566662943484,0.46543333705651596
1357,3023-GFLBR,1,0.4540420635302745,0.5459579364697255
1358,7711-GQBZC,0,1.0,0.0
1359,2091-MJTFX,0,0.7297626899211213,0.2702373100788787
1360,4847-QNOKA,0,0.5921773963586764,0.4078226036413238
1361,8220-OCUFY,0,0.9056363656161261,0.09436363438387396
1362,2379-ENZGV,0,0.534566662943484,0.46543333705651596
1363,5759-RCVCB,0,0.5921773963586764,0.4078226036413238
1364,0221-WMXNQ,1,0.386902810558847,0.6130971894411528
1365,9600-UDOPK,1,0.4540420635302745,0.5459579364697255
1366,5148-ORICT,0,0.9834740793994524,0.016525920600547334
1367,6235-VDHOM,0,0.7412539014946343,0.2587460985053653
1368,2674-MIAHT,0,0.534566662943484,0.46543333705651596
1369,3129-AAQOU,0,1.0,0.0
1370,0013-MHZWF,0,0.5921773963586764,0.4078226036413238
1371,5887-IKKYO,0,0.9067333313912143,0.09326666860878528
1372,9732-EQMWY,0,0.5792571185996107,0.42074288140038957
1373,8337-MSSXB,0,0.534566662943484,0.46543333705651596
1374,0602-DDUML,0,0.9848054042491385,0.015194595750861335
1375,8868-WOZGU,0,0.534566662943484,0.46543333705651596
1376,3197-NNYNB,0,0.9261606132902916,0.07383938670970783
1377,4508-OEBEY,0,0.9134515166484724,0.08654848335152758
1378,8397-MVTAZ,1,0.4540420635302745,0.5459579364697255
1379,8966-SNIZF,0,1.0,0.0
1380,6508-NJYRO,0,0.9900889156205157,0.009911084379483955
1381,5062-CJJKH,0,0.9134515166484724,0.08654848335152758
1382,7663-RGWBC,0,0.5921773963586764,0.4078226036413238
1383,3195-TQDZX,0,0.7721341821735476,0.22786581782645254
1384,5649-ANRML,0,0.534566662943484,0.46543333705651596
1385,8033-ATFAS,0,0.7297626899211213,0.2702373100788787
1386,9770-KXGQU,0,0.8331793330319616,0.16682066696803802
1387,0623-IIHUG,0,0.5921773963586764,0.4078226036413238
1388,4598-ZADCK,0,0.8856525219405904,0.1143474780594096
1389,3108-PCCGG,0,0.9834740793994524,0.016525920600547334
1390,6769-DYBQN,1,0.386902810558847,0.6130971894411528
1391,1337-BOZWO,0,0.9134515166484724,0.08654848335152758
1392,7925-PNRGI,0,0.8379526079334948,0.1620473920665049
1393,1768-HNVGJ,0,0.5921773963586764,0.4078226036413238
1394,2823-LKABH,1,0.386902810558847,0.6130971894411528
1395,7233-IOQNP,0,0.7297626899211213,0.2702373100788787
1396,2731-GJRDG,0,0.7989964656535318,0.20100353434646798
1397,4441-NIHPT,1,0.386902810558847,0.6130971894411528
1398,3882-IYOIJ,0,0.9209262181382637,0.07907378186173616
1399,8563-IIOXK,0,0.9072006430816952,0.09279935691830438
1400,1217-VASWC,0,0.790483586147694,0.20951641385230624
1401,6447-EGDIV,0,0.9614806119836414,0.038519388016358735
1402,9361-YNQWJ,0,0.9614806119836414,0.038519388016358735
1403,4393-RYCRE,0,0.8331793330319616,0.16682066696803802
1404,1597-FZREH,0,0.5921773963586764,0.4078226036413238
1405,9117-SHLZX,0,0.5921773963586764,0.4078226036413238
1406,8441-SHIPE,0,0.9816134864289775,0.01838651357102251
1407,3511-BFTJW,0,0.9834740793994524,0.016525920600547334
1408,1428-GTBJJ,0,0.534566662943484,0.46543333705651596
